Timestamp,exp_inlet,exp_outlet,exp_water_flowrate,exp_heatgen
01/15/2015 01:05:30.270 PM,24.8555963,24.66376055,9.048721104,-7.254193205
01/15/2015 01:05:35.747 PM,24.89123744,24.70995265,9.048873579,-6.855328367
01/15/2015 01:05:42.247 PM,24.88822172,24.70206556,9.048798517,-7.039481809
01/15/2015 01:05:45.797 PM,24.87988846,24.70842042,9.048849439,-6.484088
01/15/2015 01:05:59.207 PM,24.88481938,24.69678213,9.048703058,-7.11054046
01/15/2015 01:06:05.796 PM,24.90428682,24.72035175,9.048413677,-6.955195906
01/15/2015 01:06:15.745 PM,24.88789401,24.7125869,9.048675541,-6.629135819
01/15/2015 01:06:25.795 PM,24.89975757,24.70402738,9.048743078,-7.401477726
01/15/2015 01:06:35.744 PM,24.90091616,24.73012045,9.048701295,-6.458558246
01/15/2015 01:06:45.793 PM,24.90394731,24.72049848,9.048607849,-6.936958369
01/15/2015 01:06:55.793 PM,24.89817419,24.72367968,9.04890357,-6.598574109
01/15/2015 01:07:05.867 PM,24.91043811,24.7196803,9.048603557,-7.213337448
01/15/2015 01:07:15.901 PM,24.89000096,24.71960305,9.048724496,-6.443531881
01/15/2015 01:07:26.034 PM,24.89670544,24.72314599,9.04882587,-6.563158255
01/15/2015 01:07:36.118 PM,24.90333715,24.70999531,9.04901562,-7.311383499
01/15/2015 01:07:46.151 PM,24.90442413,24.7175574,9.0489072,-7.066436746
01/15/2015 01:07:56.284 PM,24.90496678,24.70379724,9.049050371,-7.607423498
01/15/2015 01:08:06.368 PM,24.91011116,24.70621287,9.04895882,-7.710535823
01/15/2015 01:08:16.451 PM,24.93159118,24.71242243,9.04884822,-8.28789631
01/15/2015 01:08:26.535 PM,24.92684532,24.71062547,9.048822817,-8.176360249
01/15/2015 01:08:36.618 PM,24.93040311,24.71443964,9.048926623,-8.16675867
01/15/2015 01:08:46.702 PM,24.93777616,24.70387278,9.048968193,-8.845205347
01/15/2015 01:08:56.785 PM,24.94510692,24.70111296,9.049056129,-9.226876813
01/15/2015 01:09:06.818 PM,24.95117982,24.71207938,9.048797096,-9.041564691
01/15/2015 01:09:16.952 PM,24.95029253,24.70840553,9.049047116,-9.147190878
01/15/2015 01:09:27.035 PM,24.9541071,24.71132269,9.049088211,-9.181169158
01/15/2015 01:09:37.119 PM,24.97256943,24.72578975,9.048763893,-9.33192013
01/15/2015 01:09:47.202 PM,24.95880657,24.71973763,9.048947887,-9.040524053
01/15/2015 01:09:57.286 PM,24.96433642,24.71954426,9.048796238,-9.256796107
01/15/2015 01:10:07.369 PM,24.97048051,24.72804399,9.048785835,-9.167707154
01/15/2015 01:10:17.452 PM,24.97050851,24.71560861,9.048834798,-9.639060109
01/15/2015 01:10:27.536 PM,24.97023622,24.70725203,9.048873412,-9.9448107
01/15/2015 01:10:37.619 PM,24.96793467,24.70538397,9.048932116,-9.928482753
01/15/2015 01:10:47.703 PM,24.98116641,24.70349898,9.048544157,-10.49967912
01/15/2015 01:10:57.786 PM,24.97873596,24.70080515,9.048705041,-10.5098254
01/15/2015 01:11:07.870 PM,24.98402198,24.70612674,9.048756477,-10.50854004
01/15/2015 01:11:17.903 PM,24.99305204,24.70669151,9.048717322,-10.82860624
01/15/2015 01:11:28.036 PM,24.99782361,24.70526537,9.048453792,-11.06264733
01/15/2015 01:11:38.070 PM,24.99220629,24.72980482,9.048504175,-9.922370292
01/15/2015 01:11:48.203 PM,24.99056212,24.72421438,9.048571041,-10.07166767
01/15/2015 01:11:58.287 PM,25.00080715,24.72024157,9.048637255,-10.60937855
01/15/2015 01:12:08.322 PM,24.99886303,24.72034767,9.048684948,-10.53190619
01/15/2015 01:12:18.353 PM,24.99441822,24.72623585,9.048611713,-10.14108774
01/15/2015 01:12:28.383 PM,24.99657524,24.73394119,9.048621828,-9.931294102
01/15/2015 01:12:38.413 PM,24.29362126,24.76269776,9.043780976,17.7282588
01/15/2015 01:12:48.444 PM,23.97141833,24.1341403,9.035107655,6.144009605
01/15/2015 01:12:58.424 PM,24.22717019,23.83019277,9.042316306,-15.00091903
01/15/2015 01:13:08.455 PM,24.23309511,23.82392206,9.043107588,-15.46311868
01/15/2015 01:13:18.535 PM,24.11441397,23.86474026,9.042409026,-9.434726936
01/15/2015 01:13:28.566 PM,24.0714768,23.84592223,9.041253462,-8.522217947
01/15/2015 01:13:38.596 PM,24.06096695,23.77135809,9.03999419,-10.94088272
01/15/2015 01:13:48.626 PM,24.08479036,23.72377608,9.038727436,-13.63653535
01/15/2015 01:13:58.657 PM,24.14672102,23.69821347,9.037978835,-16.94000161
01/15/2015 01:14:08.637 PM,24.19172524,23.70709255,9.036891888,-18.30223636
01/15/2015 01:14:18.668 PM,24.24436783,23.72690804,9.035625667,-19.53921949
01/15/2015 01:14:28.748 PM,24.30974125,23.76211409,9.034334751,-20.67538126
01/15/2015 01:14:38.779 PM,24.40174695,23.83273291,9.032723941,-21.47900149
01/15/2015 01:14:48.809 PM,24.47153347,23.87125629,5.917344588,-14.84400398
01/15/2015 01:14:58.839 PM,24.55707172,23.9510772,5.916349449,-14.98286547
01/15/2015 01:15:08.820 PM,24.6641445,24.03763001,5.9157881,-15.48874029
01/15/2015 01:15:18.900 PM,24.72797369,24.11612108,5.915206474,-15.12478098
01/15/2015 01:15:28.931 PM,24.75834099,24.15738366,5.914516018,-14.85371965
01/15/2015 01:15:38.961 PM,24.81622512,24.20564323,5.913964386,-15.09019984
01/15/2015 01:15:48.992 PM,24.89035311,24.27006653,5.913552365,-15.32897815
01/15/2015 01:15:59.022 PM,24.93514457,24.3254305,6.224514927,-15.86003344
01/15/2015 01:16:09.052 PM,24.95893897,24.37736761,6.224522527,-15.12799684
01/15/2015 01:16:19.083 PM,24.98473291,24.40917018,6.224442046,-14.97150508
01/15/2015 01:16:29.063 PM,25.01569781,24.44734021,6.224413834,-14.78401871
01/15/2015 01:16:39.144 PM,25.02594262,24.46390516,6.224332396,-14.61942915
01/15/2015 01:16:49.174 PM,25.03770163,24.48499448,6.224357938,-14.37679294
01/15/2015 01:16:59.205 PM,25.0421305,24.51529691,6.224309281,-13.7036731
01/15/2015 01:17:09.217 PM,25.06079022,24.50804778,6.224151178,-14.37723325
01/15/2015 01:17:19.227 PM,25.07977787,24.61281348,6.2240043,-12.14579708
01/15/2015 01:17:29.238 PM,25.0902069,24.84688432,6.22390894,-6.328751027
01/15/2015 01:17:39.198 PM,25.11109338,24.95237826,6.223448726,-4.127829818
01/15/2015 01:17:49.209 PM,25.13526473,24.96869072,6.223295433,-4.332115446
01/15/2015 01:17:59.269 PM,25.13875034,24.98374057,6.223061508,-4.031211067
01/15/2015 01:18:09.279 PM,25.15372101,25.00461108,6.222885212,-3.877668875
01/15/2015 01:18:19.240 PM,25.18373246,25.02428518,6.222593061,-4.146301637
01/15/2015 01:18:29.300 PM,25.19170273,25.05285169,6.222494822,-3.610655373
01/15/2015 01:18:39.311 PM,25.22029764,25.09184811,6.222356038,-3.340102156
01/15/2015 01:18:49.321 PM,25.23223785,25.10527687,6.222052601,-3.301233916
01/15/2015 01:18:59.332 PM,25.25643164,25.13130192,6.221773252,-3.253471706
01/15/2015 01:19:09.342 PM,25.26875646,25.15733567,6.221533193,-2.896916672
01/15/2015 01:19:19.302 PM,25.30839978,25.19064619,6.221277089,-3.06144222
01/15/2015 01:19:29.363 PM,25.3281059,25.21351892,6.221049581,-2.979005727
01/15/2015 01:19:39.323 PM,25.3458122,25.23506463,6.220660914,-2.8790095
01/15/2015 01:19:49.384 PM,25.38215103,25.27080475,6.220295876,-2.894403742
01/15/2015 01:19:59.394 PM,25.41614576,25.30002538,6.219854974,-3.018290722
01/15/2015 01:20:09.355 PM,25.45246509,25.34981466,6.219719666,-2.668111426
01/15/2015 01:20:19.415 PM,25.48238654,25.38046677,6.219137333,-2.648871965
01/15/2015 01:20:29.425 PM,25.51097864,25.36412676,6.218899437,-3.816501414
01/15/2015 01:20:39.386 PM,25.54346564,25.40198562,6.218608468,-3.676721356
01/15/2015 01:20:49.446 PM,25.58314346,25.43973388,6.218194298,-3.726617555
01/15/2015 01:20:59.457 PM,25.59802909,25.45913397,6.217956505,-3.609167582
01/15/2015 01:21:09.417 PM,25.63467706,25.48806237,6.217576478,-3.809526278
01/15/2015 01:21:19.478 PM,25.67069443,25.49537338,6.217325421,-4.55522724
01/15/2015 01:21:29.488 PM,25.68044053,25.52019148,6.217181779,-4.163527106
01/15/2015 01:21:39.498 PM,25.71362946,25.57006364,6.216908367,-3.729905954
01/15/2015 01:21:49.509 PM,25.74613129,25.62316082,6.216495364,-3.194616937
01/15/2015 01:21:59.469 PM,25.77068474,25.65601083,6.21623058,-2.978956253
01/15/2015 01:22:09.475 PM,25.80296876,25.67292862,6.216138152,-3.378084108
01/15/2015 01:22:19.479 PM,25.82197016,25.69026675,6.215735628,-3.421069817
01/15/2015 01:22:29.534 PM,25.85272455,25.72984438,6.215482463,-3.191751091
01/15/2015 01:22:39.538 PM,25.87076845,25.7655759,6.215279573,-2.732234927
01/15/2015 01:22:49.542 PM,25.89327587,25.78507252,6.21502603,-2.810321612
01/15/2015 01:22:59.497 PM,25.90870837,25.80295311,6.214796439,-2.74663673
01/15/2015 01:23:09.551 PM,25.93604895,25.83239777,6.214600241,-2.69190552
01/15/2015 01:23:19.556 PM,25.95786897,25.8498167,6.214279386,-2.806060756
01/15/2015 01:23:29.560 PM,25.97866152,25.85997214,6.214047103,-3.082185479
01/15/2015 01:24:41.242 PM,26.00873615,25.89148725,6.213834755,-3.044674414
01/15/2015 01:24:49.546 PM,26.21974089,26.08212829,6.211641399,-3.572209571
01/15/2015 01:24:59.600 PM,26.23667574,26.11534385,6.21132085,-3.149425213
01/15/2015 01:25:09.554 PM,26.2605503,26.13599017,6.211143498,-3.233128601
01/15/2015 01:25:19.609 PM,26.28418119,26.16353625,6.210811643,-3.131337045
01/15/2015 01:27:19.356 PM,26.30514537,26.16512407,6.210558738,-3.634102236
01/15/2015 01:27:19.656 PM,26.30514537,26.16512407,6.210558738,-3.634102236
01/15/2015 01:27:29.657 PM,26.62472916,26.48985964,6.20720986,-3.498505937
01/15/2015 01:27:39.659 PM,26.64311804,26.50220869,6.206896176,-3.654994016
01/15/2015 01:28:20.115 PM,26.66302824,26.51679543,6.206831047,-3.793037373
01/15/2015 01:28:29.616 PM,26.77771805,26.62322634,6.20571329,-4.0065381
01/15/2015 01:28:39.667 PM,26.79103296,26.64357975,6.205533994,-3.823893056
01/15/2015 01:28:49.669 PM,26.81396903,26.74574802,6.205225289,-1.769082288
01/15/2015 01:28:59.670 PM,26.83968103,26.8256104,6.205195193,-0.364872606
01/15/2015 01:29:09.672 PM,26.86742588,26.83730155,6.204842982,-0.781125095
01/15/2015 01:29:19.623 PM,26.88312939,26.88263449,6.204691204,-0.012832568
01/15/2015 01:29:29.675 PM,26.9062039,26.89420904,6.204513556,-0.311010759
01/15/2015 01:29:39.676 PM,26.92737067,26.82211372,6.204128926,-2.729002563
01/15/2015 01:29:49.627 PM,26.94931953,26.76761458,6.204125462,-4.711071792
01/15/2015 01:29:59.679 PM,26.97129663,26.84071066,6.203839227,-3.385551362
01/15/2015 01:30:09.680 PM,27.0050126,26.91116739,6.203468149,-2.432870901
01/15/2015 01:30:19.632 PM,27.03294926,26.94607806,6.203281552,-2.252006686
01/15/2015 01:30:29.683 PM,27.04420892,26.96043998,6.203151641,-2.171539795
01/15/2015 01:30:39.635 PM,27.08247204,26.99198325,6.202671511,-2.345556871
01/15/2015 01:30:49.686 PM,27.09276309,27.00858981,6.202438229,-2.181770541
01/15/2015 01:30:59.637 PM,27.13714081,27.05483344,6.202290083,-2.133355011
01/15/2015 01:31:09.689 PM,27.15589419,27.05467835,6.202005894,-2.623330646
01/15/2015 01:31:19.690 PM,27.1791409,27.06689938,6.201475117,-2.908847143
01/15/2015 01:31:29.642 PM,27.21365109,27.0799269,6.201202901,-3.465439279
01/15/2015 01:31:39.693 PM,27.23884396,27.09526888,6.201034053,-3.720621939
01/15/2015 01:31:49.695 PM,27.25737879,27.12344647,6.20078639,-3.47059977
01/15/2015 01:31:59.696 PM,27.29168295,27.15515106,6.2004411,-3.537765715
01/15/2015 01:32:09.646 PM,27.30454036,27.15295993,6.200273762,-3.927592025
01/15/2015 01:32:19.647 PM,27.34162837,27.19622996,6.199867006,-3.767162785
01/15/2015 01:32:29.697 PM,27.35752761,27.20471298,6.199640391,-3.959166879
01/15/2015 01:32:39.698 PM,27.36731244,27.21345468,6.199583487,-3.98615596
01/15/2015 01:32:49.648 PM,27.38985238,27.28849606,6.199363438,-2.625852442
01/15/2015 01:32:59.699 PM,27.41944382,27.34857087,6.199275014,-1.836089242
01/15/2015 01:33:09.699 PM,27.42837619,27.32514403,6.198973088,-2.674281464
01/15/2015 01:33:19.699 PM,27.46308506,27.34781402,6.198672537,-2.986010109
01/15/2015 01:33:29.650 PM,27.49157774,27.37455814,6.198539377,-3.031240052
01/15/2015 01:33:39.700 PM,27.50841284,27.37938118,6.198191197,-3.342208989
01/15/2015 01:33:49.701 PM,27.52786153,27.40710559,6.19802885,-3.127767615
01/15/2015 01:33:59.701 PM,27.55397573,27.42638582,6.197704574,-3.304605049
01/15/2015 01:34:09.702 PM,27.55916665,27.4410648,6.197558112,-3.058790102
01/15/2015 01:34:19.702 PM,27.59431704,27.45545634,6.197326925,-3.596301577
01/15/2015 01:34:29.702 PM,27.60469467,27.4516821,6.197211744,-3.962742359
01/15/2015 01:34:39.703 PM,27.62900091,27.48271049,6.196954718,-3.788493628
01/15/2015 01:34:49.703 PM,27.65060697,27.51514566,6.196837814,-3.50798543
01/15/2015 01:34:59.704 PM,27.65824262,27.53436539,6.196483599,-3.207813831
01/15/2015 01:35:09.704 PM,27.68683912,27.5471815,6.196351206,-3.616371495
01/15/2015 01:35:19.705 PM,27.70854174,27.56798131,6.196132821,-3.639620992
01/15/2015 01:35:29.705 PM,27.73133817,27.57216919,6.195919199,-4.121321845
01/15/2015 01:35:39.705 PM,27.76006073,27.61801404,6.195704427,-3.677851345
01/15/2015 01:35:49.706 PM,27.77828122,27.63160543,6.195381085,-3.797509036
01/15/2015 01:35:59.706 PM,27.79783635,27.6536813,6.195123066,-3.732090601
01/15/2015 01:36:09.707 PM,27.80550142,27.66279935,6.195029262,-3.694417696
01/15/2015 01:36:19.707 PM,27.83483054,27.76516545,6.194719376,-1.803471449
01/15/2015 01:36:29.708 PM,27.84911466,27.84999749,6.194613466,0.02285418
01/15/2015 01:36:39.708 PM,27.86569961,27.86561238,6.194507267,-0.002258049
01/15/2015 01:36:49.658 PM,27.88213217,27.81066983,6.194420768,-1.849908695
01/15/2015 01:36:59.659 PM,27.90104782,27.81046649,6.194203103,-2.344749572
01/15/2015 01:37:09.709 PM,27.90154108,27.80933028,6.194033275,-2.386863908
01/15/2015 01:37:19.710 PM,27.93555039,27.82004387,6.193707869,-2.989713634
01/15/2015 01:37:29.710 PM,27.96547177,27.84202391,6.193629086,-3.195222724
01/15/2015 01:37:39.711 PM,27.97127693,27.85799693,6.193316045,-2.931897837
01/15/2015 01:37:49.711 PM,27.99750314,27.86749887,6.193220034,-3.364701122
01/15/2015 01:37:59.661 PM,27.99518836,27.89571795,6.193084965,-2.574383847
01/15/2015 01:38:09.662 PM,28.02202499,27.91135787,6.192865267,-2.864063349
01/15/2015 01:38:19.712 PM,28.05035067,27.93241827,6.192633217,-3.051974121
01/15/2015 01:38:29.713 PM,28.06240458,27.94827375,6.192531746,-2.953544818
01/15/2015 01:38:39.713 PM,28.09314604,27.98994395,6.192280202,-2.670616069
01/15/2015 01:38:49.664 PM,28.10893241,27.99278988,6.19195738,-3.005326117
01/15/2015 01:38:59.664 PM,28.14690746,28.03282408,6.191679674,-2.951910586
01/15/2015 01:39:09.714 PM,28.17359414,28.04947021,6.191350448,-3.21153972
01/15/2015 01:39:19.715 PM,28.19220612,28.06069397,6.191285644,-3.402664155
01/15/2015 01:39:29.715 PM,28.19420681,28.06821306,6.191037538,-3.259753904
01/15/2015 01:39:39.716 PM,28.20927968,28.07770208,6.190942471,-3.404169098
01/15/2015 01:39:49.716 PM,28.24849997,28.1196859,6.190634051,-3.332505102
01/15/2015 01:39:59.717 PM,28.26099198,28.13483497,6.190561596,-3.263726969
01/15/2015 01:40:49.819 PM,28.26144376,28.13251037,6.190504933,-3.335522245
01/15/2015 01:40:59.719 PM,28.35398978,28.47846693,6.189492607,3.219712117
01/15/2015 01:41:09.720 PM,28.37125763,28.50901015,6.189397152,3.563036366
01/15/2015 01:41:19.720 PM,28.39715185,28.52851813,6.189360742,3.397833262
01/15/2015 01:41:29.720 PM,28.42241668,28.55958074,6.189043462,3.547612823
01/15/2015 01:41:39.721 PM,28.42222567,28.57222547,6.188908898,3.879512333
01/15/2015 01:41:49.721 PM,28.43914369,28.59897978,6.188646208,4.133737135
01/15/2015 01:41:59.722 PM,28.4694326,28.6617899,6.188571023,4.974751794
01/15/2015 01:42:09.722 PM,28.48928747,28.83011091,6.18828658,8.813983713
01/15/2015 01:42:19.723 PM,28.4996903,29.32865261,6.188115055,21.43707545
01/15/2015 01:44:35.379 PM,28.50477904,29.46448888,6.188102439,24.81817329
01/15/2015 01:44:39.729 PM,28.85179341,30.64494787,6.183925262,46.33981585
01/15/2015 01:44:49.979 PM,28.88028046,30.67489967,6.183514231,46.37458627
01/15/2015 01:45:20.230 PM,28.92772579,30.71438282,6.182860467,46.16395507
01/15/2015 01:45:29.731 PM,29.04940549,30.8289426,6.181460181,45.96957585
01/15/2015 01:45:39.731 PM,29.08454692,30.79038496,6.181062656,44.06292387
01/15/2015 01:45:49.732 PM,29.11560786,30.62793685,6.180654357,39.06187672
01/15/2015 01:45:59.732 PM,29.15705629,30.52645736,6.180173846,35.36744822
01/15/2015 01:46:09.682 PM,29.19214133,30.53303408,6.179732624,34.62869299
01/15/2015 01:46:19.733 PM,29.23471671,30.55775218,6.179340051,34.16535638
01/15/2015 01:46:29.733 PM,29.27736632,30.59355363,6.1788545,33.98584229
01/15/2015 01:46:39.734 PM,29.34481505,30.6519378,6.178397501,33.74928612
01/15/2015 01:46:49.734 PM,29.38738641,30.67573476,6.177745247,33.2610284
01/15/2015 01:46:59.735 PM,29.4166608,30.7067152,6.177407738,33.30325346
01/15/2015 01:47:09.735 PM,29.48627291,30.77005523,6.176978927,33.13903673
01/15/2015 01:47:19.735 PM,29.51734736,30.82122158,6.176363175,33.65432571
01/15/2015 01:47:29.686 PM,29.56019853,30.87261483,6.17588737,33.8721959
01/15/2015 01:47:39.686 PM,29.59730911,30.90053852,6.175635187,33.633718
01/15/2015 01:47:49.737 PM,29.62126235,30.94265329,6.175338874,34.1007939
01/15/2015 01:47:59.737 PM,29.67404796,30.97910367,6.175063374,33.67773236
01/15/2015 01:48:09.738 PM,29.69435186,31.00536163,6.174743622,33.82962862
01/15/2015 01:48:19.738 PM,29.72952536,31.04393253,6.174525665,33.91609862
01/15/2015 01:48:29.688 PM,29.74146859,31.20390112,6.17440041,37.73488231
01/15/2015 01:48:39.739 PM,29.79336154,31.33322218,6.174076524,39.73066171
01/15/2015 01:48:49.739 PM,29.82911061,31.42349707,6.173666333,41.13477448
01/15/2015 01:50:16.743 PM,29.86750181,31.78256264,6.173310436,49.40524558
01/15/2015 01:50:19.743 PM,30.11537055,31.91714529,6.170677539,46.46283629
01/15/2015 01:50:29.694 PM,30.1379673,32.07061333,6.170388731,49.83531599
01/15/2015 01:50:39.694 PM,30.17380394,32.39071004,6.170022542,57.16186888
01/15/2015 01:50:49.744 PM,30.18852021,32.50430216,6.169864182,59.70980315
01/15/2015 01:50:59.745 PM,30.2340646,32.52863802,6.169300592,59.15756106
01/15/2015 01:51:09.745 PM,30.2703391,32.29827363,6.169183389,52.2822155
01/15/2015 01:51:19.696 PM,30.31094406,31.7131446,6.168609385,36.14679305
01/15/2015 01:51:29.746 PM,30.35623993,30.91641537,6.168060757,14.4392647
01/15/2015 01:51:39.747 PM,30.3914615,30.52150546,6.167727087,3.351874218
01/15/2015 01:51:49.747 PM,30.4363613,31.00016769,6.167345295,14.53117152
01/15/2015 01:51:59.747 PM,30.45779501,31.64530949,6.166889343,30.60394691
01/15/2015 01:52:09.748 PM,30.48812608,32.06195901,6.166514279,40.55745926
01/15/2015 01:52:19.748 PM,30.53229059,32.30601045,6.16624521,45.70652358
01/15/2015 01:52:29.749 PM,30.56379589,32.35096872,6.165837979,46.05014833
01/15/2015 01:52:39.749 PM,30.60119477,32.26651722,6.165285712,42.90658143
01/15/2015 01:52:49.750 PM,30.64244951,32.26500476,6.165089363,41.80336495
01/15/2015 01:52:59.750 PM,30.69756033,32.3277061,6.164571487,41.99539837
01/15/2015 01:53:09.750 PM,30.7260134,32.35308075,6.164206767,41.91361311
01/15/2015 01:53:19.701 PM,30.76686346,32.32323489,6.163998199,40.0911141
01/15/2015 01:53:30.451 PM,30.78234212,32.16985036,6.164001805,35.74132912
01/15/2015 01:53:46.602 PM,30.80420881,32.23254242,6.163760848,36.79152667
01/15/2015 01:53:49.752 PM,30.83094749,32.24220132,6.163653545,36.3509466
01/15/2015 01:53:59.753 PM,30.84833837,32.41488211,6.163444731,40.34952282
01/15/2015 01:54:09.753 PM,30.86536401,32.51455193,6.163277037,42.47703603
01/15/2015 01:54:19.753 PM,30.87634788,32.55496769,6.163027285,43.2333416
01/15/2015 01:54:29.754 PM,30.90441389,32.59230792,6.162880675,43.47116793
01/15/2015 01:54:39.754 PM,30.92849855,32.62172981,6.162510336,43.60600576
01/15/2015 01:54:49.755 PM,30.95798748,32.62205368,6.162244571,42.85306627
01/15/2015 01:54:59.755 PM,30.98291293,32.66263822,6.162016458,43.25471821
01/15/2015 01:55:09.756 PM,31.02346561,32.69845707,6.161513685,43.12929785
01/15/2015 01:55:19.756 PM,31.03941483,32.7379518,6.161102879,43.732654
01/15/2015 01:55:29.756 PM,31.06125255,32.74449969,6.160921905,43.3377101
01/15/2015 01:55:39.757 PM,31.10983388,32.79396734,6.160596232,43.35823766
01/15/2015 01:55:49.707 PM,31.13572538,32.80211664,6.16027323,42.89921305
01/15/2015 01:55:59.708 PM,31.16411277,32.84691394,6.159953768,43.31941953
01/15/2015 01:56:09.758 PM,31.17869117,32.8410688,6.159832072,42.79282227
01/15/2015 01:56:19.759 PM,31.21050356,32.87765428,6.159531386,42.91359604
01/15/2015 01:56:29.759 PM,31.2422459,32.81205494,6.15930058,40.40644087
01/15/2015 01:56:39.759 PM,31.27294067,32.69158116,6.158971521,36.51345396
01/15/2015 01:56:49.760 PM,31.28506555,32.30143818,6.158882151,26.15936669
01/15/2015 01:56:59.760 PM,31.31121529,31.67373644,6.158709479,9.330296402
01/15/2015 01:57:09.761 PM,31.3353737,31.51691666,6.158289976,4.672097865
01/15/2015 01:57:19.711 PM,31.3742858,31.96986429,6.157879289,15.32648418
01/15/2015 01:57:29.762 PM,31.39170551,32.59569612,6.157784582,30.9827499
01/15/2015 01:57:39.712 PM,31.41613334,32.83637527,6.157408999,36.54539848
01/15/2015 01:57:49.762 PM,31.44182428,32.90177481,6.157175914,37.56575071
01/15/2015 01:57:59.713 PM,31.47882149,32.96123708,6.156924778,38.14223992
01/15/2015 01:58:09.763 PM,31.5004791,33.0639718,6.156667673,40.22665674
01/15/2015 01:58:19.764 PM,31.51478289,33.09582712,6.15662794,40.67797252
01/15/2015 01:58:29.764 PM,31.54555125,33.13821129,6.156303494,40.97467107
01/15/2015 01:58:39.715 PM,31.57295036,33.20417373,6.156153102,41.96577237
01/15/2015 01:58:49.765 PM,31.5770343,33.24030365,6.156111291,42.78991449
01/15/2015 01:58:59.765 PM,31.59512569,33.26776372,6.156067363,43.03062957
01/15/2015 01:59:09.766 PM,31.58832215,33.27178275,6.156015154,43.30868621
01/15/2015 01:59:19.766 PM,31.62149648,33.31178292,6.15590132,43.48348345
01/15/2015 01:59:29.767 PM,31.63693326,33.31365746,6.155750334,43.13353012
01/15/2015 01:59:39.767 PM,31.65364762,33.36214488,6.155608276,43.94987389
01/15/2015 01:59:49.768 PM,31.66076688,33.3940264,6.155336877,44.5848995
01/15/2015 01:59:59.768 PM,31.688921,33.42162015,6.155207371,44.56954729
01/15/2015 02:00:09.768 PM,31.70491065,33.41171771,6.154896707,43.90131939
01/15/2015 02:00:19.769 PM,31.72586011,33.43270804,6.154693838,43.90092346
01/15/2015 02:00:29.769 PM,31.73694877,33.45580676,6.154375957,44.2075441
01/15/2015 02:00:39.770 PM,31.7543809,33.46590148,6.154182985,44.01745225
01/15/2015 02:00:49.720 PM,31.79606436,33.48368704,6.153799689,43.4001351
01/15/2015 02:00:59.771 PM,31.81178825,33.52202566,6.153525718,43.97975383
01/15/2015 02:01:09.771 PM,31.83239125,33.52800869,6.153305493,43.60223235
01/15/2015 02:01:19.771 PM,31.86554589,33.57419945,6.152851043,43.93420668
01/15/2015 02:01:29.772 PM,31.88096173,33.60192698,6.152758215,44.25010656
01/15/2015 02:01:41.323 PM,31.89469016,33.60073995,6.152594666,43.8654288
01/15/2015 02:01:49.773 PM,31.96612443,33.66882854,6.151960571,43.7748938
01/15/2015 02:01:59.773 PM,31.99797889,33.71963128,6.151624345,44.25961662
01/15/2015 02:02:09.773 PM,32.03129294,34.05875794,6.151151102,52.11732681
01/15/2015 02:02:19.774 PM,32.06234791,34.72145711,6.150821996,68.35050108
01/15/2015 02:02:29.774 PM,32.10671021,34.98784181,6.150486482,74.05338854
01/15/2015 02:02:39.775 PM,32.13436921,34.97884208,6.149977145,73.10509876
01/15/2015 02:02:49.775 PM,32.16005712,35.06632334,6.149601614,74.68867363
01/15/2015 02:02:59.726 PM,32.20283647,35.10030051,6.149086289,74.45622499
01/15/2015 02:03:09.776 PM,32.23610703,35.13881012,6.14852006,74.5839846
01/15/2015 02:03:19.776 PM,32.28333686,35.14212693,6.14794986,73.44884202
01/15/2015 02:03:29.727 PM,32.34561846,35.32518424,6.147472801,76.5459056
01/15/2015 02:03:39.777 PM,32.39556452,35.30865512,6.146943649,74.83169724
01/15/2015 02:03:49.728 PM,32.44019372,35.32465148,6.146020821,74.08505052
01/15/2015 02:03:59.728 PM,32.50181166,35.40517452,6.145209955,74.56077489
01/15/2015 02:04:09.729 PM,32.59499665,35.73010541,6.144409116,80.50171042
01/15/2015 02:04:19.779 PM,32.64692504,36.06584506,6.143585258,87.77749899
01/15/2015 02:04:29.779 PM,32.71996906,36.36357083,6.142372678,93.52752424
01/15/2015 02:04:39.780 PM,32.79336626,36.49114794,6.141344289,94.90237545
01/15/2015 02:04:49.780 PM,32.91069652,36.60373046,6.140331139,94.76488987
01/15/2015 02:04:59.781 PM,32.99181175,36.63853591,6.139347241,93.5615661
01/15/2015 02:05:09.731 PM,33.08093085,36.7478585,6.13799728,94.05922661
01/15/2015 02:05:19.782 PM,33.18224858,36.88873041,6.136791903,95.05514828
01/15/2015 02:05:29.782 PM,33.28859958,36.98155819,6.135907071,94.69468082
01/15/2015 02:05:39.732 PM,33.39467438,37.06660351,6.134957818,94.1408776
01/15/2015 02:05:49.783 PM,33.49117734,37.0981563,6.133613487,92.45542215
01/15/2015 02:05:59.783 PM,33.59719014,37.25795481,6.132502031,93.817074
01/15/2015 02:06:09.784 PM,33.70963012,37.35861277,6.131570862,93.50092804
01/15/2015 02:06:51.486 PM,33.77065856,37.41074288,6.13066979,93.25921161
01/15/2015 02:06:59.786 PM,34.18214078,37.80565307,6.12639412,92.76989022
01/15/2015 02:07:09.786 PM,34.2971773,37.94661779,6.125469623,93.41960957
01/15/2015 02:07:19.787 PM,34.39001188,38.039984,6.124399846,93.41690105
01/15/2015 02:07:29.737 PM,34.47428598,38.05836134,6.123517095,91.71712626
01/15/2015 02:07:39.738 PM,34.58038532,38.13902574,6.122620627,91.05290981
01/15/2015 02:07:49.788 PM,34.66076095,38.22455465,6.12188026,91.17373743
01/15/2015 02:07:59.788 PM,34.75546892,38.11756839,6.120767517,85.99809168
01/15/2015 02:08:09.789 PM,34.86636243,37.81054711,6.119768878,75.29609277
01/15/2015 02:08:19.789 PM,34.96517799,37.59080692,6.118961755,67.14032812
01/15/2015 02:08:29.790 PM,35.05967156,37.58641456,6.117758691,64.59899835
01/15/2015 02:08:39.790 PM,35.14342477,37.6921452,6.116777126,65.15042119
01/15/2015 02:08:49.791 PM,35.25834503,37.76488203,6.115939565,64.06335474
01/15/2015 02:08:59.791 PM,35.32298391,37.83613238,6.114971445,64.2221664
01/15/2015 02:09:09.791 PM,35.41538955,37.94432445,6.114165574,64.61706306
01/15/2015 02:09:19.792 PM,35.51377746,38.01508789,6.113441628,63.90366025
01/15/2015 02:09:29.792 PM,35.59041946,38.08787494,6.112622246,63.79662218
01/15/2015 02:09:39.793 PM,35.66257704,38.17045444,6.1118491,64.05474358
01/15/2015 02:09:49.793 PM,35.74697421,38.62335033,6.111039089,73.45698637
01/15/2015 02:09:59.794 PM,35.84802082,38.84418319,6.110039032,76.50356978
01/15/2015 02:10:09.744 PM,35.92785676,38.58389948,6.109663571,67.81483729
01/15/2015 02:10:19.794 PM,35.99383242,38.51194346,6.1088272,64.28432533
01/15/2015 02:10:29.795 PM,36.05313845,38.55618719,6.108425931,63.89560553
01/15/2015 02:10:39.795 PM,36.13591156,38.64757219,6.107879288,64.10970445
01/15/2015 02:10:49.796 PM,36.18383854,38.67862609,6.107539458,63.67547906
01/15/2015 02:10:59.796 PM,36.22893434,38.70269505,6.106983065,63.13305054
01/15/2015 02:11:09.797 PM,36.2786081,38.7580764,6.106530643,63.27402652
01/15/2015 02:11:19.797 PM,36.35424098,38.87019605,6.105948798,64.19902156
01/15/2015 02:11:29.797 PM,36.40330167,38.86962312,6.105393641,62.92681067
01/15/2015 02:11:39.798 PM,36.46018708,38.91892834,6.104918392,62.72852309
01/15/2015 02:11:49.798 PM,36.51161381,38.93853632,6.104415044,61.91164361
01/15/2015 02:11:59.799 PM,36.5560558,38.96785555,6.104064183,61.52232059
01/15/2015 02:12:09.799 PM,36.60635493,39.04869659,6.10350925,62.29574673
01/15/2015 02:12:19.800 PM,36.64037649,39.05693097,6.103142207,61.63429739
01/15/2015 02:12:29.750 PM,36.70047941,39.07560895,6.102552065,60.57189577
01/15/2015 02:12:39.800 PM,36.75210654,38.64891034,6.102219768,48.37072833
01/15/2015 02:12:49.801 PM,36.79586161,38.58965061,6.101693656,45.73978607
01/15/2015 02:12:59.801 PM,36.85114956,38.9695829,6.101172484,54.01327062
01/15/2015 02:13:09.802 PM,36.91115378,39.09312751,6.100733974,55.6293487
01/15/2015 02:13:19.752 PM,36.97734963,39.56981414,6.100134211,66.08830003
01/15/2015 02:13:29.753 PM,37.03025296,39.98296439,6.099489942,75.26393064
01/15/2015 02:13:39.753 PM,37.06449872,40.07357029,6.09901456,76.69455967
01/15/2015 02:13:49.803 PM,37.14589173,40.38463115,6.098524597,82.5416521
01/15/2015 02:13:59.804 PM,37.19141702,40.57175562,6.09813456,86.14490147
01/15/2015 02:14:09.804 PM,37.23363319,40.68251683,6.097584809,87.88378697
01/15/2015 02:14:19.805 PM,37.29938439,40.54582877,6.097177622,82.71974458
01/15/2015 02:14:29.755 PM,37.31830517,40.49234078,6.096974011,80.87206052
01/15/2015 02:14:39.806 PM,37.35878739,40.49722739,6.096574168,79.95986688
01/15/2015 02:14:49.806 PM,37.38778438,40.19227817,6.096357463,71.4491847
01/15/2015 02:14:59.806 PM,37.41140919,39.33861973,6.09620137,49.09766486
01/15/2015 02:15:09.757 PM,37.45487475,38.96616806,6.09600361,38.50049785
01/15/2015 02:15:19.807 PM,37.49388243,39.66737265,6.09548937,55.36542512
01/15/2015 02:15:29.808 PM,37.52316395,40.15559847,6.095131509,67.05219953
01/15/2015 02:15:39.808 PM,37.57553087,40.08413446,6.094732391,63.89384923
01/15/2015 02:15:49.809 PM,37.59773734,39.81127195,6.094311323,56.37458065
01/15/2015 02:15:59.809 PM,37.63736091,39.99659509,6.093696192,60.07921086
01/15/2015 02:16:09.809 PM,37.66080811,40.3118298,6.093285531,67.50519296
01/15/2015 02:16:19.810 PM,37.71420213,40.61296837,6.092991444,73.81015769
01/15/2015 02:16:29.810 PM,37.77388513,40.69542551,6.092265969,74.38118955
01/15/2015 02:16:39.761 PM,37.82874916,40.86433937,6.091826567,77.27927613
01/15/2015 02:16:49.811 PM,37.88731017,41.06948851,6.091725046,81.00972895
01/15/2015 02:16:59.812 PM,37.930149,41.16973103,6.091498816,82.46801037
01/15/2015 02:17:09.762 PM,37.9395732,41.24063617,6.091329963,84.03076256
01/15/2015 02:17:19.812 PM,37.97293799,41.31620166,6.091188296,85.10303049
01/15/2015 02:17:29.813 PM,37.99293718,41.34766436,6.09110503,85.39366752
01/15/2015 02:17:39.813 PM,37.99430609,41.3855693,6.091048314,86.32287863
01/15/2015 02:17:49.814 PM,38.01646219,41.43037626,6.090879622,86.89703788
01/15/2015 02:17:59.814 PM,38.0305983,41.47199175,6.090645306,87.59312216
01/15/2015 02:18:09.815 PM,38.05815912,41.5161602,6.090461705,88.01317989
01/15/2015 02:18:19.815 PM,38.07776674,41.55631499,6.090286815,88.53360488
01/15/2015 02:18:29.815 PM,38.09797789,41.54052642,6.089826453,87.61074192
01/15/2015 02:18:39.816 PM,38.11622241,41.56225944,6.089468755,87.69437107
01/15/2015 02:18:49.816 PM,38.16564074,41.56832125,6.089009176,86.5845041
01/15/2015 02:18:59.817 PM,38.22235495,41.60661896,6.08823535,86.10493403
01/15/2015 02:19:09.817 PM,38.25283405,41.60768865,6.087755589,85.34995218
01/15/2015 02:19:19.818 PM,38.31716788,41.6358169,6.086950171,84.4176856
01/15/2015 02:19:29.818 PM,38.37328624,41.7207695,6.086488815,85.14469877
01/15/2015 02:19:39.768 PM,38.43979377,41.71572424,6.085667304,83.31347579
01/15/2015 02:19:49.819 PM,38.49104319,41.74757086,6.085051694,82.81164566
01/15/2015 02:19:59.769 PM,38.55931547,41.77476776,6.084400223,81.75836812
01/15/2015 02:20:09.820 PM,38.60792181,41.85207432,6.083670924,82.478233
01/15/2015 02:20:19.820 PM,38.64855007,41.89261642,6.083434623,82.47283898
01/15/2015 02:20:29.821 PM,38.72017305,41.95345477,6.082798563,82.19007043
01/15/2015 02:20:39.771 PM,38.78053029,42.04117712,6.082320116,82.87917241
01/15/2015 02:20:49.821 PM,38.8385514,42.11561351,6.081689693,83.28778281
01/15/2015 02:20:59.822 PM,38.8800452,42.22561313,6.081305295,85.02351005
01/15/2015 02:21:09.772 PM,38.94344764,42.48168349,6.080935539,89.91446207
01/15/2015 02:21:19.773 PM,38.98509204,42.4472264,6.080506538,87.97434635
01/15/2015 02:21:29.823 PM,39.02425475,42.52259162,6.079993697,88.88677059
01/15/2015 02:21:39.774 PM,39.06550976,42.61483068,6.079710995,90.17799483
01/15/2015 02:21:49.824 PM,39.11735545,42.23238256,6.079420845,79.14006617
01/15/2015 02:21:59.824 PM,39.15835835,42.34529308,6.078944876,80.96060518
01/15/2015 02:22:09.825 PM,39.19332673,42.60773522,6.078544011,86.73360824
01/15/2015 02:22:19.825 PM,39.23493581,42.85261606,6.078338268,91.89405474
01/15/2015 02:22:29.826 PM,39.27401801,42.84666433,6.077978838,90.74476492
01/15/2015 02:22:39.826 PM,39.3003209,42.83786897,6.077690261,89.84900739
01/15/2015 02:22:49.827 PM,39.33424245,42.89767385,6.077399435,90.50207876
01/15/2015 02:22:59.827 PM,39.37377336,42.86154224,6.076991102,88.574492
01/15/2015 02:23:09.777 PM,39.3958124,42.92690359,6.07658881,89.66875813
01/15/2015 02:23:19.828 PM,39.45176689,42.97973557,6.07613629,89.58279305
01/15/2015 02:23:29.828 PM,39.48264381,43.00126911,6.075827294,89.34100064
01/15/2015 02:23:39.829 PM,39.53957154,42.91783135,6.075296297,85.76950075
01/15/2015 02:23:49.829 PM,39.57624806,42.87201481,6.074879416,83.66937041
01/15/2015 02:23:59.830 PM,39.60652321,42.86481062,6.074448524,82.71201817
01/15/2015 02:24:09.830 PM,39.63927595,42.94113845,6.074345725,83.81675852
01/15/2015 02:24:19.830 PM,39.67260447,42.935698,6.073954474,82.82728479
01/15/2015 02:24:29.831 PM,39.70886423,42.97205924,6.073650663,82.82571787
01/15/2015 02:24:39.831 PM,39.73887391,43.00223963,6.073553564,82.82872661
01/15/2015 02:24:49.832 PM,39.75773303,43.06798495,6.073252072,84.0145921
01/15/2015 02:24:59.832 PM,39.79603744,43.25615337,6.072664484,87.80966254
01/15/2015 02:25:09.833 PM,39.84677259,43.3018671,6.072370172,87.67798089
01/15/2015 02:25:19.783 PM,39.87170117,43.402372,6.072213745,89.5935305
01/15/2015 02:25:29.783 PM,39.90393384,43.45615026,6.071812201,90.13430592
01/15/2015 02:25:39.834 PM,39.9217325,43.51035689,6.07152799,91.05386329
01/15/2015 02:25:49.834 PM,39.96338404,43.48622376,6.071299815,89.38135545
01/15/2015 02:25:59.835 PM,39.99881839,43.30488455,6.070919661,83.87613261
01/15/2015 02:26:09.835 PM,40.03933631,43.27482782,6.070577579,82.08100199
01/15/2015 02:26:19.786 PM,40.06940819,43.18917653,6.070149597,79.13964751
01/15/2015 02:26:29.836 PM,40.11406954,43.15337993,6.069782402,77.09399441
01/15/2015 02:26:39.836 PM,40.14052593,43.17950058,6.069453106,77.0812962
01/15/2015 02:26:49.787 PM,40.18530929,43.22597318,6.069007172,77.11847603
01/15/2015 02:26:59.837 PM,40.21467815,43.23262258,6.068689774,76.53825341
01/15/2015 02:27:09.838 PM,40.25791035,43.65534819,6.068538531,86.16045903
01/15/2015 02:27:19.838 PM,40.29870218,43.72335422,6.067841656,86.84064932
01/15/2015 02:27:29.839 PM,40.3228406,43.72737704,6.067760898,86.32941901
01/15/2015 02:27:39.839 PM,40.35772412,43.8020365,6.067417459,87.33308083
01/15/2015 02:27:49.789 PM,40.38911048,43.62798948,6.067084931,82.11966502
01/15/2015 02:27:59.840 PM,40.41128351,43.25125032,6.066848616,72.00270197
01/15/2015 02:28:09.840 PM,40.43795214,43.23519174,6.066548398,70.91591408
01/15/2015 02:28:19.791 PM,40.46471164,43.4063619,6.066408641,74.57531041
01/15/2015 02:28:29.841 PM,40.51454133,43.78569572,6.066195884,82.92583302
01/15/2015 02:28:39.842 PM,40.5465469,43.44197593,6.065907918,73.39747319
01/15/2015 02:28:49.842 PM,40.56484711,43.39217647,6.065603998,71.66759457
01/15/2015 02:28:59.842 PM,40.58239635,43.38107395,6.065448035,70.939501
01/15/2015 02:29:09.843 PM,40.61549503,43.39223895,6.065255334,70.38130069
01/15/2015 02:29:19.843 PM,40.63432861,43.4577546,6.065004509,71.56157766
01/15/2015 02:29:29.844 PM,40.6554677,43.46621072,6.064782259,71.23750917
01/15/2015 02:29:39.844 PM,40.67624797,43.42893023,6.064539545,69.76318291
01/15/2015 02:29:49.845 PM,40.70632416,43.51592609,6.06435154,71.20353138
01/15/2015 02:29:59.845 PM,40.73998761,43.53449276,6.064053782,70.81745746
01/15/2015 02:30:09.845 PM,40.77276747,43.58231231,6.063806269,71.19568236
01/15/2015 02:30:19.796 PM,40.79999935,43.60722199,6.063484285,71.13305903
01/15/2015 02:33:03.553 PM,40.814684,43.60749805,6.063409265,70.76707989
01/15/2015 02:33:09.853 PM,41.02943148,43.8482432,6.061621301,71.40477277
01/15/2015 02:33:19.804 PM,41.05201734,43.84638449,6.061265294,70.78139733
01/15/2015 02:33:29.854 PM,41.05545244,43.86322932,6.061223043,71.12057034
01/15/2015 02:33:39.854 PM,41.07978905,43.8756334,6.060996527,70.81567441
01/15/2015 02:33:49.855 PM,41.08822633,43.87538705,6.061053359,70.59638974
01/15/2015 02:33:59.805 PM,41.11995256,43.91125572,6.060772415,70.6980369
01/15/2015 02:34:09.856 PM,41.13275616,43.8964418,6.06060899,69.99665383
01/15/2015 02:34:19.856 PM,41.13896362,43.89639348,6.060510177,69.83707325
01/15/2015 02:34:29.857 PM,41.14758953,43.95392455,6.060501171,71.07558215
01/15/2015 02:34:39.857 PM,41.15529229,43.92141425,6.060490474,70.05698909
01/15/2015 02:34:49.857 PM,41.15347739,43.93897783,6.06046254,70.54745851
01/15/2015 02:34:59.858 PM,41.16468762,43.967183,6.060216037,70.97499689
01/15/2015 02:35:09.858 PM,41.18222107,43.95040526,6.06024782,70.10641152
01/15/2015 02:35:19.859 PM,41.18077766,43.98354774,6.060304301,70.98298781
01/15/2015 02:35:51.461 PM,41.19058307,43.98811103,6.060209919,70.84912221
01/15/2015 02:35:59.860 PM,41.23114777,43.99383629,6.059882848,69.96301612
01/15/2015 02:36:09.811 PM,41.23734079,43.98083782,6.059805176,69.47611515
01/15/2015 02:36:19.861 PM,41.25025997,43.9985402,6.059689169,69.59591228
01/15/2015 02:36:29.862 PM,41.24901055,44.01532842,6.059739366,70.0532677
01/15/2015 02:36:39.862 PM,41.25749616,44.03323763,6.059704592,70.29150425
01/15/2015 02:36:49.863 PM,41.26859678,44.25740301,6.059501072,75.68450896
01/15/2015 02:36:59.813 PM,41.27553164,44.66804795,6.05939375,85.90599866
01/15/2015 02:37:09.863 PM,41.30541863,44.80372054,6.059349364,88.58407454
01/15/2015 02:37:19.864 PM,41.31673093,44.79282432,6.059123157,88.01842378
01/15/2015 02:37:29.864 PM,41.31744229,44.86282845,6.059123157,89.77299129
01/15/2015 02:37:39.815 PM,41.32190896,44.37248268,6.059123157,77.24380804
01/15/2015 02:37:49.865 PM,41.34975756,44.18746534,6.059123157,71.85381354
01/15/2015 02:37:59.866 PM,41.3594298,44.31451065,6.059123157,74.82582574
01/15/2015 02:38:09.866 PM,41.3568728,44.17583656,6.059123157,71.37919473
01/15/2015 02:38:19.816 PM,41.38267649,44.15688945,6.059123157,70.24605629
01/15/2015 02:38:29.867 PM,41.39538981,44.18255873,6.059123157,70.57411507
01/15/2015 02:38:39.817 PM,41.4019896,44.22848093,6.059123157,71.56980081
01/15/2015 02:38:49.868 PM,41.4163165,44.22090317,6.059123157,71.01515111
01/15/2015 02:38:59.868 PM,41.44404809,44.16881259,6.059123157,68.99396791
01/15/2015 02:39:09.819 PM,41.45349017,44.22241925,6.059123157,70.11226287
01/15/2015 02:39:19.819 PM,41.4829242,44.22966758,6.059123157,69.55049679
01/15/2015 02:39:29.869 PM,41.49989583,44.24384935,6.059123157,69.47985478
01/15/2015 02:39:39.820 PM,41.53589291,44.26642714,6.059123157,69.14006399
01/15/2015 02:39:49.870 PM,41.5495521,44.26520358,6.059123157,68.76321655
01/15/2015 02:39:59.871 PM,41.56082731,44.23071246,6.059123157,67.60436377
01/15/2015 02:40:09.821 PM,41.5944849,44.2937255,6.059123157,68.34767564
01/15/2015 02:40:19.872 PM,41.60004328,44.28555686,6.059123157,68.00009256
01/15/2015 02:40:29.872 PM,41.60136325,44.30976151,6.059123157,68.57955743
01/15/2015 02:40:39.872 PM,41.60477783,44.35151526,6.059123157,69.55034627
01/15/2015 02:40:49.823 PM,41.60420123,44.96353994,6.059123157,85.0620696
01/15/2015 02:40:59.873 PM,41.59774912,45.05811987,6.059123157,87.62030963
01/15/2015 02:41:09.874 PM,41.59066358,44.82063984,6.059123157,81.78647334
01/15/2015 02:41:19.874 PM,41.5841008,44.48484506,6.059123157,73.44996494
01/15/2015 02:41:29.825 PM,41.59355732,44.8726103,6.059123157,83.02914855
01/15/2015 02:41:39.825 PM,41.59128224,45.08314256,6.059123157,88.4176594
01/15/2015 02:41:49.825 PM,41.59326806,45.0581567,6.059123157,87.7347076
01/15/2015 02:41:59.876 PM,41.59943884,44.54356333,6.059123157,74.54839901
01/15/2015 02:42:09.876 PM,41.60811216,44.34116511,6.059123157,69.20384064
01/15/2015 02:42:19.877 PM,41.61695519,44.33182723,6.059123157,68.74348051
01/15/2015 02:42:29.877 PM,41.62808713,44.20426246,6.059123157,65.23153065
01/15/2015 02:42:39.828 PM,41.61887315,44.27070899,6.059123157,67.14733591
01/15/2015 02:42:49.828 PM,41.62304548,44.28583012,6.059123157,67.42457136
01/15/2015 02:42:59.878 PM,41.64018889,44.2798116,6.059123157,66.83808655
01/15/2015 02:43:09.879 PM,41.63445932,44.28886716,6.059123157,67.21246178
01/15/2015 02:43:19.879 PM,41.65378628,44.27829256,6.059123157,66.45532204
01/15/2015 02:43:29.880 PM,41.66807343,44.7073752,6.059123157,76.95838993
01/15/2015 02:43:39.830 PM,41.70028684,45.07995819,6.059123157,85.57691413
01/15/2015 02:43:49.881 PM,41.72088766,45.21542411,6.059123157,88.48542183
01/15/2015 02:43:59.881 PM,41.72949668,45.29781869,6.059123157,90.35375167
01/15/2015 02:44:09.881 PM,41.75014278,45.29085572,6.059123157,89.65466037
01/15/2015 02:44:19.882 PM,41.75663833,45.34774731,6.059123157,90.93074228
01/15/2015 02:44:29.882 PM,41.7650467,45.32529762,6.059123157,90.14938302
01/15/2015 02:44:39.833 PM,41.77284465,45.33141467,6.059123157,90.10682071
01/15/2015 02:44:49.883 PM,41.77658543,45.35489319,6.059123157,90.60660153
01/15/2015 02:44:59.884 PM,41.78369847,45.15897828,6.059123157,85.46571545
01/15/2015 02:45:09.834 PM,41.79348334,45.1528616,6.059123157,85.06307108
01/15/2015 02:45:19.884 PM,41.7930488,45.31814585,6.059123157,89.25924937
01/15/2015 02:45:29.885 PM,41.79881723,45.00692161,6.059123157,81.23265382
01/15/2015 02:45:39.885 PM,41.8095911,44.56344201,6.059123157,69.73046724
01/15/2015 02:45:49.836 PM,41.80696709,44.32953269,6.059123157,63.87407443
01/15/2015 02:45:59.886 PM,41.80037844,44.22457933,6.059123157,61.38337416
01/15/2015 02:46:09.887 PM,41.80808762,44.16783475,6.059123157,59.75133559
01/15/2015 02:46:19.837 PM,41.80324585,44.1403491,6.059123157,59.17796824
01/15/2015 02:46:29.837 PM,41.83488625,44.14622601,6.059123157,58.52560906
01/15/2015 02:46:39.888 PM,41.85322695,44.17018765,6.059123157,58.66793726
01/15/2015 02:46:49.838 PM,41.8894406,44.16239579,6.059123157,57.55367042
01/15/2015 02:46:59.839 PM,41.91208819,44.18599435,6.059123157,57.57774996
01/15/2015 02:47:09.889 PM,41.93397701,44.20203959,6.059123157,57.42978425
01/15/2015 02:47:19.889 PM,41.96647516,44.27271361,6.059123157,58.39643835
01/15/2015 02:47:29.890 PM,41.99029753,44.52212003,6.059123157,64.10846917
01/15/2015 02:47:39.890 PM,42.01651261,44.41500093,6.059123157,60.73230427
01/15/2015 02:47:49.891 PM,42.0524655,44.35076211,6.059123157,58.19534251
01/15/2015 02:47:59.891 PM,42.04544168,44.38655317,6.059123157,59.27946125
01/15/2015 02:48:09.842 PM,42.05080721,44.35958627,6.059123157,58.46076912
01/15/2015 02:48:19.892 PM,42.03752165,44.36040392,6.059123157,58.81787766
01/15/2015 02:48:29.892 PM,42.03026833,44.33409402,6.059123157,58.33534464
01/15/2015 02:48:39.893 PM,42.02600235,44.31900769,6.059123157,58.06136184
01/15/2015 02:48:49.893 PM,42.01747852,44.25147483,6.059123157,56.5671895
01/15/2015 02:48:59.894 PM,41.99186385,44.41572596,6.059123157,61.37479611
01/15/2015 02:49:09.894 PM,41.98179347,44.99985725,6.059123157,76.42062138
01/15/2015 02:49:19.895 PM,41.96141769,45.32316184,6.059123157,85.1229779
01/15/2015 02:49:29.895 PM,41.96161474,45.39190373,6.059123157,86.85860732
01/15/2015 02:49:39.895 PM,41.93832693,44.98881953,6.059123157,77.24175383
01/15/2015 02:49:49.846 PM,41.93529389,44.97091822,6.059123157,76.86527347
01/15/2015 02:49:59.896 PM,41.93237057,45.06139213,6.059123157,79.23019185
01/15/2015 02:50:09.847 PM,41.92218257,44.63470453,6.059123157,68.68397361
01/15/2015 02:50:19.897 PM,41.91846179,44.38178059,6.059123157,62.37388163
01/15/2015 02:50:29.898 PM,41.8907143,44.32718251,6.059123157,61.69399586
01/15/2015 02:50:39.898 PM,41.89504963,44.22728704,6.059123157,59.0547599
01/15/2015 02:50:49.898 PM,41.87928036,44.24185599,6.059123157,59.82295635
01/15/2015 02:50:59.899 PM,41.89270924,44.31947831,6.059123157,61.44840323
01/15/2015 02:51:09.899 PM,41.8985858,44.25948093,6.059123157,59.78040428
01/15/2015 02:51:19.850 PM,41.90149445,44.24084369,6.059123157,59.23483924
01/15/2015 02:51:29.900 PM,41.91107362,44.26013035,6.059123157,59.48064312
01/15/2015 02:51:39.901 PM,41.92238918,44.27870317,6.059123157,59.66440471
01/15/2015 02:51:49.901 PM,41.93362276,44.59948564,6.059123157,67.50251572
01/15/2015 02:51:59.901 PM,41.94399603,44.62705472,6.059123157,67.93793229
01/15/2015 02:52:09.902 PM,41.97212067,44.43489955,6.059123157,62.36021041
01/15/2015 02:52:19.902 PM,41.99004486,44.32381637,6.059123157,59.09360492
01/15/2015 02:52:29.853 PM,41.99298817,44.30906536,6.059123157,58.64556588
01/15/2015 02:52:39.903 PM,41.99597029,44.34513945,6.059123157,59.48349015
01/15/2015 02:52:49.904 PM,41.9906449,44.31102707,6.059123157,58.75457261
01/15/2015 02:52:59.854 PM,41.99143293,44.28024923,6.059123157,57.95529073
01/15/2015 02:53:09.904 PM,41.9938272,44.3421976,6.059123157,59.46326469
01/15/2015 02:53:19.905 PM,41.98582316,44.33547048,6.059123157,59.49559766
01/15/2015 02:53:29.855 PM,41.96661714,44.29458079,6.059123157,58.94654384
01/15/2015 02:53:39.906 PM,41.96833092,44.26201398,6.059123157,58.07852235
01/15/2015 02:53:49.906 PM,41.95039893,44.27748097,6.059123157,58.92422042
01/15/2015 02:53:59.907 PM,41.94166389,44.22920355,6.059123157,57.92296481
01/15/2015 02:54:09.907 PM,41.94726901,44.49956173,6.059123157,64.626797
01/15/2015 02:54:19.857 PM,41.92655972,44.63680346,6.059123157,68.62628679
01/15/2015 02:54:29.908 PM,41.92457377,44.47264971,6.059123157,64.5200236
01/15/2015 02:54:39.858 PM,41.91154693,44.42791208,6.059123157,63.71707238
01/15/2015 02:54:49.909 PM,41.90246872,44.33805165,6.059123157,61.67157951
01/15/2015 02:54:59.909 PM,41.89591878,44.36271974,6.059123157,62.4620539
01/15/2015 02:55:09.910 PM,41.89037618,44.32135611,6.059123157,61.55502681
01/15/2015 02:55:19.910 PM,41.87975504,44.29903087,6.059123157,61.2586664
01/15/2015 02:55:29.910 PM,41.88836479,44.29485331,6.059123157,60.93487805
01/15/2015 02:55:39.911 PM,41.90583608,44.31176347,6.059123157,60.92066949
01/15/2015 02:55:49.911 PM,41.90233436,44.21516864,6.059123157,58.56345171
01/15/2015 02:55:59.912 PM,41.89376891,44.42252566,6.059123157,64.03084101
01/15/2015 02:56:09.912 PM,41.89433105,45.0567274,6.059123157,80.07527741
01/15/2015 02:56:19.913 PM,41.89416049,45.25059281,6.059123157,84.9884767
01/15/2015 02:56:29.913 PM,41.88440546,45.35806295,6.059123157,87.95674421
01/15/2015 02:56:39.913 PM,41.87780175,45.32744937,6.059123157,87.34878855
01/15/2015 02:56:49.914 PM,41.87054919,44.8780257,6.059123157,76.15254027
01/15/2015 02:56:58.214 PM,41.8636123,44.72272526,6.059123157,72.39581556
01/15/2015 02:57:00.414 PM,41.87725727,44.52571912,6.059123157,67.06190313
01/15/2015 02:57:09.915 PM,41.8717741,44.39288995,6.059123157,63.83736524
01/15/2015 02:57:19.915 PM,41.8636838,44.28522445,6.059123157,61.316014
01/15/2015 02:57:29.866 PM,41.84531732,44.21597772,6.059123157,60.0276712
01/15/2015 02:57:39.916 PM,41.85255848,44.22332363,6.059123157,60.03032382
01/15/2015 02:57:49.916 PM,41.85183432,44.24152898,6.059123157,60.50963941
01/15/2015 02:57:59.917 PM,41.83210086,44.20303096,6.059123157,60.03450045
01/15/2015 02:58:09.917 PM,41.82463515,44.18892773,6.059123157,59.86643134
01/15/2015 02:58:19.918 PM,41.82326713,44.15479213,6.059123157,59.03672096
01/15/2015 02:58:29.918 PM,41.82661311,44.13318686,6.059123157,58.40492849
01/15/2015 02:58:39.869 PM,41.82271758,44.12156964,6.059123157,58.20940687
01/15/2015 02:58:49.919 PM,41.82717297,44.29035236,6.059123157,62.37035167
01/15/2015 02:58:59.919 PM,41.83515045,44.25217482,6.059123157,61.20165703
01/15/2015 02:59:09.920 PM,41.84380862,44.54579453,6.059123157,68.41718955
01/15/2015 02:59:19.870 PM,41.8466888,45.04291547,6.059123157,80.93189729
01/15/2015 02:59:29.921 PM,41.85784384,45.22090702,6.059123157,85.15637723
01/15/2015 02:59:39.921 PM,41.86485557,45.28906387,6.059123157,86.70463745
01/15/2015 02:59:49.922 PM,41.87095107,45.07660944,6.059123157,81.1707183
01/15/2015 02:59:59.922 PM,41.87669573,44.61136514,6.059123157,69.24477114
01/15/2015 03:00:09.872 PM,41.88126275,44.41854358,6.059123157,64.24668001
01/15/2015 03:00:19.923 PM,41.87927235,44.28557355,6.059123157,60.93013486
01/15/2015 03:00:29.923 PM,41.86627655,44.22088852,6.059123157,59.62130783
01/15/2015 03:00:39.924 PM,41.84073608,44.27615341,6.059123157,61.66738636
01/15/2015 03:00:49.924 PM,41.81993977,44.18736882,6.059123157,59.94585
01/15/2015 03:00:59.925 PM,41.83436621,44.19430654,6.059123157,59.75622787
01/15/2015 03:01:09.875 PM,41.82397039,44.53729246,6.059123157,68.70423342
01/15/2015 03:01:19.925 PM,41.83369216,44.99641275,6.059123157,80.08348736
01/15/2015 03:01:29.926 PM,41.83036664,45.13762343,6.059123157,83.74329936
01/15/2015 03:01:39.926 PM,41.85310409,45.24278,6.059123157,85.83024021
01/15/2015 03:01:49.927 PM,41.86578562,45.31727261,6.059123157,87.3953633
01/15/2015 03:01:59.927 PM,41.87999983,45.36615837,6.059123157,88.27328434
01/15/2015 03:02:09.928 PM,41.90753775,45.35850912,6.059123157,87.38230732
01/15/2015 03:02:19.878 PM,41.91830093,45.3721388,6.059123157,87.45489001
01/15/2015 03:02:29.878 PM,41.91199223,45.37009436,6.059123157,87.56286569
01/15/2015 03:02:39.929 PM,41.90829237,45.32158074,6.059123157,86.42813319
01/15/2015 03:02:49.929 PM,41.91300498,45.37269507,6.059123157,87.60307448
01/15/2015 03:02:59.930 PM,41.90276636,45.3792828,6.059123157,88.02913585
01/15/2015 03:03:09.930 PM,41.91225806,45.3594538,6.059123157,87.28670427
01/15/2015 03:03:19.931 PM,41.89769955,45.40870639,6.059123157,88.90246986
01/15/2015 03:03:29.931 PM,41.91171409,45.38033531,6.059123157,87.82922047
01/15/2015 03:03:39.931 PM,41.91147404,45.37701015,6.059123157,87.75110201
01/15/2015 03:03:49.932 PM,41.93201289,45.31776597,6.059123157,85.73090996
01/15/2015 03:03:59.882 PM,41.94023589,45.36815189,6.059123157,86.79852057
01/15/2015 03:04:09.933 PM,41.95321414,45.45310275,6.059123157,88.62094423
01/15/2015 03:04:19.933 PM,41.9911452,45.40015104,6.059123157,86.3196948
01/15/2015 03:04:29.934 PM,42.03636469,45.49484184,6.059123157,87.57236169
01/15/2015 03:04:39.934 PM,42.06114653,44.93893749,6.059123157,72.86876251
01/15/2015 03:04:49.934 PM,42.10256588,45.0716779,6.059123157,75.18111008
01/15/2015 03:04:59.935 PM,42.13242353,45.12143765,6.059123157,75.6850527
01/15/2015 03:05:09.935 PM,42.16359707,45.06652027,6.059123157,73.50513818
01/15/2015 03:05:19.936 PM,42.21409431,45.24097604,6.059123157,76.64390141
01/15/2015 03:05:29.936 PM,42.26321156,44.98980125,6.059123157,69.04018397
01/15/2015 03:05:39.887 PM,42.29007094,44.84102965,6.059123157,64.59301856
01/15/2015 03:05:49.937 PM,42.30811447,44.72577317,6.059123157,61.21771909
01/15/2015 03:05:59.937 PM,42.33761375,44.64359183,6.059123157,58.38984558
01/15/2015 03:06:09.938 PM,42.36908045,44.64704299,6.059123157,57.68046192
01/15/2015 03:06:19.938 PM,42.39663436,44.68272987,6.059123157,57.88639741
01/15/2015 03:06:29.939 PM,42.41391057,44.65595577,6.059123157,56.77099604
01/15/2015 03:06:39.889 PM,42.44139278,44.73099255,6.059123157,57.97512929
01/15/2015 03:06:49.940 PM,42.45424875,44.71352783,6.059123157,57.20737659
01/15/2015 03:06:59.890 PM,42.46525405,44.71953664,6.059123157,57.08086
01/15/2015 03:07:09.940 PM,42.47415285,44.75078576,6.059123157,57.64679433
01/15/2015 03:07:19.891 PM,42.48244975,44.69918734,6.059123157,56.13018026
01/15/2015 03:07:29.941 PM,42.50798013,44.70109047,6.059123157,55.53191293
01/15/2015 03:07:39.942 PM,42.49406368,44.70349275,6.059123157,55.94512055
01/15/2015 03:07:49.942 PM,42.47474804,44.72501899,6.059123157,56.97928104
01/15/2015 03:07:59.943 PM,42.46397544,44.75148461,6.059123157,57.92219288
01/15/2015 03:08:09.943 PM,42.46347427,44.7264148,6.059123157,57.30008824
01/15/2015 03:08:19.943 PM,42.458771,44.77156656,6.059123157,58.56247136
01/15/2015 03:08:29.944 PM,42.42347163,44.6937403,6.059123157,57.48564472
01/15/2015 03:08:39.944 PM,42.41104044,44.66615082,6.059123157,57.10182061
01/15/2015 03:08:49.945 PM,42.40650466,44.6620809,6.059123157,57.11361661
01/15/2015 03:08:59.945 PM,42.40108166,44.64369602,6.059123157,56.78540792
01/15/2015 03:09:09.946 PM,42.38098417,44.6240997,6.059123157,56.79809832
01/15/2015 03:09:19.946 PM,42.37151168,44.64350802,6.059123157,57.52939112
01/15/2015 03:09:29.946 PM,42.3816817,44.63075592,6.059123157,56.94897844
01/15/2015 03:09:39.947 PM,42.36564817,44.65430485,6.059123157,57.95124886
01/15/2015 03:09:49.947 PM,42.34945434,44.62831912,6.059123157,57.70330741
01/15/2015 03:09:59.948 PM,42.3223207,44.59020166,6.059123157,57.42518551
01/15/2015 03:10:09.948 PM,42.30619002,44.61889871,6.059123157,58.56027169
01/15/2015 03:10:19.949 PM,42.29105827,44.59672112,6.059123157,58.38186359
01/15/2015 03:10:29.949 PM,42.27993243,44.59928604,6.059123157,58.7285283
01/15/2015 03:10:39.949 PM,42.2670557,44.52846101,6.059123157,57.26121494
01/15/2015 03:10:49.950 PM,42.22894122,44.52415512,6.059123157,58.11728492
01/15/2015 03:10:59.950 PM,42.20052848,44.45888965,6.059123157,57.18413418
01/15/2015 03:11:09.951 PM,42.19678432,44.43707432,6.059123157,56.72655264
01/15/2015 03:11:19.951 PM,42.19607601,44.45258012,6.059123157,57.13711134
01/15/2015 03:11:29.952 PM,42.17759292,44.42669698,6.059123157,56.94973419
01/15/2015 03:11:39.902 PM,42.17469169,44.37943215,6.059123157,55.82640002
01/15/2015 03:11:49.952 PM,42.16117041,44.36590627,6.059123157,55.82628373
01/15/2015 03:11:59.953 PM,42.15675317,44.38957344,6.059123157,56.53741086
01/15/2015 03:12:09.953 PM,42.12383395,44.31624732,6.059123157,55.51426485
01/15/2015 03:12:19.904 PM,42.11658456,44.31708249,6.059123157,55.71897466
01/15/2015 03:12:29.954 PM,42.09926121,44.23161972,6.059123157,53.99361114
01/15/2015 03:12:39.955 PM,42.07727081,44.27986425,6.059123157,55.7720352
01/15/2015 03:12:49.955 PM,42.08705855,44.31653488,6.059123157,56.45273885
01/15/2015 03:12:59.905 PM,42.078494,44.27815689,6.059123157,55.69783039
01/15/2015 03:13:09.956 PM,42.07556238,44.26003879,6.059123157,55.3132924
01/15/2015 03:13:19.956 PM,42.06962248,44.31479796,6.059123157,56.85025815
01/15/2015 03:13:29.957 PM,42.05976551,44.25017392,6.059123157,55.46349697
01/15/2015 03:13:39.907 PM,42.05014576,44.23474911,6.059123157,55.31650671
01/15/2015 03:13:49.908 PM,42.04387747,44.25401672,6.059123157,55.96310336
01/15/2015 03:13:59.958 PM,42.03070298,44.26916498,6.059123157,56.68026556
01/15/2015 03:14:09.958 PM,42.025795,44.23024753,6.059123157,55.81910935
01/15/2015 03:14:19.959 PM,42.01408801,44.25005086,6.059123157,56.61698432
01/15/2015 03:14:29.959 PM,42.0112961,44.2586413,6.059123157,56.9051979
01/15/2015 03:14:39.960 PM,42.00106833,44.2929287,6.059123157,58.03236988
01/15/2015 03:14:49.910 PM,41.97458162,44.22324196,6.059123157,56.93849865
01/15/2015 03:14:59.961 PM,41.97226004,44.25023405,6.059123157,57.68075229
01/15/2015 03:15:09.911 PM,41.95672525,44.19271544,6.059123157,56.61767679
01/15/2015 03:15:19.961 PM,41.94561304,44.21022491,6.059123157,57.34240852
01/15/2015 03:15:29.962 PM,41.92273899,44.20543388,6.059123157,57.80029003
01/15/2015 03:15:39.912 PM,41.91840062,44.21175423,6.059123157,58.07018029
01/15/2015 03:15:49.963 PM,41.92694178,44.21453248,6.059123157,57.92425717
01/15/2015 03:15:59.963 PM,41.93364293,44.22629319,6.059123157,58.05237068
01/15/2015 03:16:09.914 PM,41.92758866,44.22608151,6.059123157,58.20031128
01/15/2015 03:16:19.964 PM,41.93386347,44.13995735,6.059123157,55.86066994
01/15/2015 03:16:29.914 PM,41.92871993,44.19036056,6.059123157,57.26717364
01/15/2015 03:16:39.965 PM,41.90908939,44.16490259,6.059123157,57.1196168
01/15/2015 03:16:49.965 PM,41.89443163,44.07088867,6.059123157,55.11023344
01/15/2015 03:16:59.966 PM,41.88959412,44.12272791,6.059123157,56.54534981
01/15/2015 03:17:09.966 PM,41.88062385,44.09888296,6.059123157,56.1687069
01/15/2015 03:17:19.967 PM,41.85311336,44.04832119,6.059123157,55.58502351
01/15/2015 03:17:29.967 PM,41.85610528,44.07485283,6.059123157,56.18107461
01/15/2015 03:17:39.917 PM,41.86799558,44.04429621,6.059123157,55.1062728
01/15/2015 03:17:49.968 PM,41.85312173,44.07356979,6.059123157,56.2241335
01/15/2015 03:17:59.918 PM,41.86011003,44.11780269,6.059123157,57.16720677
01/15/2015 03:18:09.969 PM,41.87027706,44.10977936,6.059123157,56.70660729
01/15/2015 03:18:19.969 PM,41.86402231,44.05745034,6.059123157,55.53995699
01/15/2015 03:18:29.970 PM,41.84466764,44.12749216,6.059123157,57.80357248
01/15/2015 03:18:39.970 PM,41.82693509,44.0316776,6.059123157,55.82645203
01/15/2015 03:18:49.970 PM,41.82454754,44.03253018,6.059123157,55.90849557
01/15/2015 03:18:59.921 PM,41.82318537,44.07725074,6.059123157,57.07535983
01/15/2015 03:19:09.971 PM,41.81509401,44.09559436,6.059123157,57.744722
01/15/2015 03:19:19.922 PM,41.81695283,44.06113362,6.059123157,56.82507167
01/15/2015 03:19:29.972 PM,41.815155,43.98958937,6.059123157,55.05901728
01/15/2015 03:19:39.973 PM,41.79267587,43.99427228,6.059123157,55.74678927
01/15/2015 03:19:49.973 PM,41.79157184,44.00753745,6.059123157,56.11063286
01/15/2015 03:19:59.973 PM,41.79426152,43.97391064,6.059123157,55.19106023
01/15/2015 03:20:09.974 PM,41.79206069,43.99918881,6.059123157,55.88685825
01/15/2015 03:20:19.974 PM,41.77466373,44.05145962,6.059123157,57.65092097
01/15/2015 03:20:29.975 PM,41.75671967,44.05082776,6.059123157,58.08928468
01/15/2015 03:20:39.975 PM,41.7427351,44.02024197,6.059123157,57.66892395
01/15/2015 03:20:49.926 PM,41.73394861,44.0022457,6.059123157,57.43572205
01/15/2015 03:20:59.976 PM,41.71726309,44.03255086,6.059123157,58.62557661
01/15/2015 03:21:09.976 PM,41.73641727,44.15406765,6.059123157,61.21750827
01/15/2015 03:21:19.927 PM,41.72713496,44.08727539,6.059123157,59.76129442
01/15/2015 03:21:29.977 PM,41.73079276,44.04731985,6.059123157,58.65695795
01/15/2015 03:21:39.928 PM,41.73179448,44.00831207,6.059123157,57.64387408
01/15/2015 03:21:49.978 PM,41.73380395,43.89778694,6.059123157,54.79437712
01/15/2015 03:21:59.979 PM,41.74449336,43.86917368,6.059123157,53.79919125
01/15/2015 03:22:09.929 PM,41.73921545,43.71984466,6.059123157,50.15166206
01/15/2015 03:22:19.979 PM,41.74193423,43.60504877,6.059123157,47.17606427
01/15/2015 03:22:29.980 PM,41.75180854,43.54930455,6.059123157,45.51453259
01/15/2015 03:22:39.980 PM,41.75818009,43.30760485,6.059123157,39.23310155
01/15/2015 03:22:49.981 PM,41.74844881,43.12666529,6.059123157,34.89792385
01/15/2015 03:22:59.981 PM,41.75045889,42.99158437,6.059123157,31.4266323
01/15/2015 03:23:09.982 PM,41.77021216,42.9337173,6.059123157,29.46120161
01/15/2015 03:23:19.982 PM,41.77010784,42.80936236,6.059123157,26.31504246
01/15/2015 03:23:29.982 PM,41.76431394,42.63810154,6.059123157,22.12524173
01/15/2015 03:23:39.983 PM,41.76782971,42.45777536,6.059123157,17.47016614
01/15/2015 03:23:49.983 PM,41.78289596,42.29608126,6.059123157,12.99440374
01/15/2015 03:23:59.934 PM,41.77535335,42.14952077,6.059123157,9.474321699
01/15/2015 03:24:09.934 PM,41.75918868,42.03018103,6.059123157,6.861817821
01/15/2015 03:24:19.985 PM,41.75995246,41.91255289,6.059123157,3.864007148
01/15/2015 03:24:29.935 PM,41.74975189,41.71546865,6.059123157,-0.868088569
01/15/2015 03:24:39.985 PM,41.76332565,41.67616043,6.059123157,-2.207117084
01/15/2015 03:24:49.986 PM,41.73986408,41.56378109,6.059123157,-4.458610836
01/15/2015 03:24:59.986 PM,41.7273943,41.45266524,6.059123157,-6.956435466
01/15/2015 03:25:09.987 PM,41.69272125,41.37780763,6.059123157,-7.973951665
01/15/2015 03:25:19.937 PM,41.6759758,41.29275366,6.059123157,-9.703596913
01/15/2015 03:25:29.988 PM,41.64895215,41.23348568,6.059123157,-10.52005781
01/15/2015 03:25:39.938 PM,41.61435379,41.17912196,6.059123157,-11.02053825
01/15/2015 03:25:49.988 PM,41.59026333,41.1483246,6.059123157,-11.19036384
01/15/2015 03:25:59.989 PM,41.56606449,41.11333428,6.059123157,-11.4636158
01/15/2015 03:26:09.939 PM,41.51015684,41.01754767,6.059123157,-12.47339413
01/15/2015 03:26:19.990 PM,41.43908284,40.9511971,6.059123157,-12.35379171
01/15/2015 03:26:29.990 PM,41.37262728,40.89187419,6.059123157,-12.17318526
01/15/2015 03:26:39.991 PM,41.32469337,40.85204557,6.059123157,-11.96795051
01/15/2015 03:26:49.991 PM,41.23944089,40.77609767,6.059123157,-11.73234882
01/15/2015 03:26:59.941 PM,41.17543707,40.7120273,6.059123157,-11.73403392
01/15/2015 03:27:09.992 PM,41.11038816,40.63870587,6.059123157,-11.94350285
01/15/2015 03:27:19.992 PM,41.0646702,40.62295083,6.059123157,-11.18480976
01/15/2015 03:27:29.993 PM,41.00503621,40.66432268,6.059123157,-8.627233146
01/15/2015 03:27:39.993 PM,40.93162485,40.67540317,6.059123157,-6.487808709
01/15/2015 03:27:49.994 PM,40.81800393,40.70862732,6.059123157,-2.769533532
01/15/2015 03:27:59.994 PM,40.80088878,40.64932287,6.059123157,-3.837811843
01/15/2015 03:28:09.994 PM,40.76243954,40.62950929,6.059123157,-3.36593694
01/15/2015 03:28:19.995 PM,40.71911535,40.60992781,6.059123157,-2.764745791
01/15/2015 03:28:29.945 PM,40.65792603,40.59950897,6.059123157,-1.479182706
01/15/2015 03:28:39.996 PM,40.58775973,40.59964086,6.059123157,0.300843103
01/15/2015 03:28:49.996 PM,40.54863151,40.61484634,6.059123157,1.6766307
01/15/2015 03:28:59.997 PM,40.50748935,40.60116811,6.059123157,2.372046905
01/15/2015 03:29:09.997 PM,40.46159261,40.58782936,6.059123157,3.196450356
01/15/2015 03:29:19.997 PM,40.41143583,40.57106744,6.059123157,4.042044011
01/15/2015 03:29:29.998 PM,40.34435127,40.54671912,6.059123157,5.124171477
01/15/2015 03:29:39.998 PM,40.29817052,40.50882904,6.059123157,5.334100461
01/15/2015 03:29:49.999 PM,40.2247591,40.44662732,6.059123157,5.617942132
01/15/2015 03:29:59.949 PM,40.15797648,40.40238006,6.059123157,6.188561548
01/15/2015 03:30:10.000 PM,40.09541207,40.35860179,6.059123157,6.664246751
01/15/2015 03:30:19.950 PM,40.01039403,40.32633844,6.059123157,8.000052446
01/15/2015 03:30:29.950 PM,39.97606358,40.3040122,6.059123157,8.304011813
01/15/2015 03:30:40.001 PM,39.91376321,40.28006312,6.059123157,9.27510765
01/15/2015 03:30:49.951 PM,39.84990564,40.24541039,6.059123157,10.01460561
01/15/2015 03:30:59.952 PM,39.77444359,40.18705808,6.059123157,10.44784256
01/15/2015 03:31:10.002 PM,39.72041028,40.15637272,6.059123157,11.03903792
01/15/2015 03:31:20.002 PM,39.6701528,40.1172782,6.059123157,11.32169614
01/15/2015 03:31:30.003 PM,39.61741549,40.09358254,6.059123157,12.05706203
01/15/2015 03:31:40.003 PM,39.56619432,40.08785116,6.059123157,13.20891222
01/15/2015 03:31:50.004 PM,39.51886582,40.07975496,6.059123157,14.20231655
01/15/2015 03:32:00.004 PM,39.46253251,40.03696147,6.059123157,14.5451591
01/15/2015 03:32:09.955 PM,39.3966237,39.99960391,6.059123157,15.26810765
01/15/2015 03:32:20.005 PM,39.35506498,39.97153248,6.059123157,15.60962024
01/15/2015 03:32:30.005 PM,39.29870623,39.9214732,6.059123157,15.76912947
01/15/2015 03:32:40.006 PM,39.22182132,39.86676848,6.059123157,16.33075586
01/15/2015 03:32:50.006 PM,39.15146154,39.84763104,6.059123157,17.62776057
01/15/2015 03:33:00.007 PM,39.11699006,39.82615424,6.059123157,17.95679998
01/15/2015 03:33:09.957 PM,39.05633872,39.78901061,6.059123157,18.5520403
01/15/2015 03:33:20.008 PM,38.99141306,39.76319476,6.059123157,19.54234288
01/15/2015 03:33:30.008 PM,38.94287839,39.75258414,6.059123157,20.50262049
01/15/2015 03:33:39.958 PM,38.87793401,39.72359587,6.059123157,21.4130679
01/15/2015 03:33:49.959 PM,38.82309486,39.69677287,6.059123157,22.12246693
01/15/2015 03:34:00.009 PM,38.76200658,39.64012898,6.059123157,22.23500366
01/15/2015 03:34:10.010 PM,38.69324991,39.60817323,6.059123157,23.16684275
01/15/2015 03:34:19.960 PM,38.63642127,39.58047973,6.059123157,23.90457573
01/15/2015 03:34:30.011 PM,38.5647676,39.53101829,6.059123157,24.46650703
01/15/2015 03:34:40.011 PM,38.50550405,39.50357287,6.059123157,25.27217615
01/15/2015 03:34:49.961 PM,38.40190905,39.4519219,6.059123157,26.58745495
01/15/2015 03:35:00.012 PM,38.34400198,39.41085781,6.059123157,27.01393718
01/15/2015 03:35:10.012 PM,38.27277129,39.37436441,6.059123157,27.8935227
01/15/2015 03:35:20.013 PM,38.22395018,39.37013252,6.059123157,29.02256972
01/15/2015 03:35:29.963 PM,38.16171675,39.32805545,6.059123157,29.53295065
01/15/2015 03:35:40.014 PM,38.07540963,39.28731139,6.059123157,30.686656
01/15/2015 03:35:50.014 PM,38.02542563,39.25892165,6.059123157,31.23344618
01/15/2015 03:36:00.014 PM,37.97297782,39.22619972,6.059123157,31.73292641
01/15/2015 03:36:10.015 PM,37.89517615,39.17006249,6.059123157,32.28149337
01/15/2015 03:36:20.015 PM,37.82896687,39.1187362,6.059123157,32.65834669
01/15/2015 03:36:30.016 PM,37.76455106,39.08086336,6.059123157,33.33044354
01/15/2015 03:36:40.016 PM,37.73482348,39.05181037,6.059123157,33.34752464
01/15/2015 03:36:49.967 PM,37.67738323,39.01331824,6.059123157,33.82731144
01/15/2015 03:37:00.017 PM,37.63120882,38.98498494,6.059123157,34.27906756
01/15/2015 03:37:10.017 PM,37.57730048,38.97265937,6.059123157,35.33198815
01/15/2015 03:37:20.018 PM,37.53508048,38.93358798,6.059123157,35.41171414
01/15/2015 03:37:30.018 PM,37.46613394,38.88611692,6.059123157,35.95549661
01/15/2015 03:37:40.019 PM,37.40202865,38.83017384,6.059123157,36.16217247
01/15/2015 03:37:50.019 PM,37.34241937,38.81526206,6.059123157,37.29396127
01/15/2015 03:38:00.020 PM,37.30969628,38.78501551,6.059123157,37.35666971
01/15/2015 03:38:10.020 PM,37.25636436,38.774932,6.059123157,38.45176612
01/15/2015 03:38:20.020 PM,37.21130644,38.76534551,6.059123157,39.34994087
01/15/2015 03:38:30.021 PM,37.15350417,38.72886746,6.059123157,39.88989316
01/15/2015 03:38:40.021 PM,37.09421184,38.69179373,6.059123157,40.45249205
01/15/2015 03:38:50.022 PM,37.04306035,38.63958745,6.059123157,40.42578368
01/15/2015 03:39:00.022 PM,37.00821639,38.62908732,6.059123157,41.0421954
01/15/2015 03:39:09.973 PM,36.9602775,38.58631864,6.059123157,41.17311067
01/15/2015 03:39:20.023 PM,36.89180033,38.54742402,6.059123157,41.9221726
01/15/2015 03:39:30.023 PM,36.83445912,38.49893395,6.059123157,42.14629303
01/15/2015 03:39:40.024 PM,36.76964403,38.45740218,6.059123157,42.73585176
01/15/2015 03:39:50.024 PM,36.70275489,38.39667053,6.059123157,42.89176614
01/15/2015 03:40:00.025 PM,36.65117937,38.37069951,6.059123157,43.54009955
01/15/2015 03:40:09.975 PM,36.59947903,38.33799466,6.059123157,44.02108585
01/15/2015 03:40:20.026 PM,36.55163064,38.31150219,6.059123157,44.56184055
01/15/2015 03:40:30.026 PM,36.50320653,38.28078337,6.059123157,45.01015756
01/15/2015 03:40:40.026 PM,36.4509301,38.25047442,6.059123157,45.5663979
01/15/2015 03:40:50.027 PM,36.40905535,38.21506755,6.059123157,45.73017158
01/15/2015 03:41:00.027 PM,36.37042822,38.19003715,6.059123157,46.07445535
01/15/2015 03:41:10.028 PM,36.30843527,38.14845921,6.059123157,46.59138555
01/15/2015 03:41:20.028 PM,36.26574333,38.09604579,6.059123157,46.34522735
01/15/2015 03:41:30.029 PM,36.24265868,38.0670523,6.059123157,46.19560886
01/15/2015 03:41:39.979 PM,36.18593896,38.03542651,6.059123157,46.83101422
01/15/2015 03:41:50.029 PM,36.13669002,37.99251806,6.059123157,46.99156231
01/15/2015 03:42:00.030 PM,36.08661547,37.94011748,6.059123157,46.93266466
01/15/2015 03:42:10.030 PM,36.05875217,37.91582761,6.059123157,47.02314778
01/15/2015 03:42:20.031 PM,36.00977663,37.86272211,6.059123157,46.9185729
01/15/2015 03:42:30.031 PM,35.97023022,37.83769335,6.059123157,47.28617516
01/15/2015 03:42:40.032 PM,35.92166734,37.76792422,6.059123157,46.74921011
01/15/2015 03:42:50.032 PM,35.8822651,37.7380379,6.059123157,46.99016371
01/15/2015 03:43:00.032 PM,35.84520448,37.67703378,6.059123157,46.3838882
01/15/2015 03:43:10.033 PM,35.78756711,37.62993342,6.059123157,46.65069669
01/15/2015 03:43:19.983 PM,35.7394176,37.58109671,6.059123157,46.63329618
01/15/2015 03:43:30.034 PM,35.69688528,37.54026791,6.059123157,46.67643108
01/15/2015 03:43:40.034 PM,35.66256647,37.49823286,6.059123157,46.48104749
01/15/2015 03:43:50.035 PM,35.60130672,37.44651817,6.059123157,46.72273858
01/15/2015 03:44:00.035 PM,35.55200976,37.41156293,6.059123157,47.08588653
01/15/2015 03:44:10.035 PM,35.51661378,37.37526751,6.059123157,47.06311163
01/15/2015 03:44:20.036 PM,35.43365875,37.31376499,6.059123157,47.60631241
01/15/2015 03:44:30.036 PM,35.37872423,37.26212654,6.059123157,47.68977239
01/15/2015 03:44:40.037 PM,35.35194898,37.22959737,6.059123157,47.54407701
01/15/2015 03:44:50.037 PM,35.32158143,37.19934097,6.059123157,47.54689138
01/15/2015 03:44:59.988 PM,35.28124958,37.14388055,6.059123157,47.16381972
01/15/2015 03:45:10.038 PM,35.22782736,37.09081402,6.059123157,47.17282627
01/15/2015 03:45:19.988 PM,35.18464468,37.04977644,6.059123157,47.22714258
01/15/2015 03:45:30.039 PM,35.14204172,37.02256484,6.059123157,47.61686825
01/15/2015 03:45:39.989 PM,35.10301279,36.96365202,6.059123157,47.11338663
01/15/2015 03:45:50.040 PM,35.05479934,36.9334641,6.059123157,47.56981265
01/15/2015 03:46:00.040 PM,35.01799734,36.88845152,6.059123157,47.3619117
01/15/2015 03:46:10.041 PM,34.97809943,36.85192638,6.059123157,47.4473139
01/15/2015 03:46:20.041 PM,34.93948519,36.80576569,6.059123157,47.25622983
01/15/2015 03:46:30.041 PM,34.90045665,36.76420589,6.059123157,47.1921356
01/15/2015 03:46:40.042 PM,34.85306879,36.7212041,6.059123157,47.30319574
01/15/2015 03:46:50.042 PM,34.82938739,36.6859286,6.059123157,47.00962054
01/15/2015 03:47:00.043 PM,34.76550234,36.63435046,6.059123157,47.32124466
01/15/2015 03:47:09.993 PM,34.71806021,36.57282467,6.059123157,46.96463125
01/15/2015 03:47:20.044 PM,34.68897879,36.53844153,6.059123157,46.83038618
01/15/2015 03:47:30.044 PM,34.63886119,36.47168691,6.059123157,46.4091189
01/15/2015 03:47:39.994 PM,34.59890688,36.42599804,6.059123157,46.26391357
01/15/2015 03:47:50.045 PM,34.5707029,36.39888298,6.059123157,46.2914861
01/15/2015 03:48:00.045 PM,34.5180228,36.34000834,6.059123157,46.13463392
01/15/2015 03:48:10.046 PM,34.47149938,36.28626103,6.059123157,45.95171707
01/15/2015 03:48:20.046 PM,34.42629004,36.24890999,6.059123157,46.1506976
01/15/2015 03:48:30.047 PM,34.39833714,36.22548272,6.059123157,46.26529133
01/15/2015 03:48:40.047 PM,34.37240073,36.22647648,6.059123157,46.94719229
01/15/2015 03:48:50.047 PM,34.34526473,36.19933029,6.059123157,46.94693435
01/15/2015 03:49:00.048 PM,34.30620704,36.15345003,6.059123157,46.77417932
01/15/2015 03:49:10.048 PM,34.26289749,36.10531543,6.059123157,46.65200402
01/15/2015 03:49:20.049 PM,34.20366885,36.07110997,6.059123157,47.28561794
01/15/2015 03:49:29.999 PM,34.14723171,36.00712337,6.059123157,47.09445748
01/15/2015 03:49:40.050 PM,34.09442232,35.96621404,6.059123157,47.39577975
01/15/2015 03:49:50.050 PM,34.07100483,35.92758357,6.059123157,47.01057094
01/15/2015 03:50:00.050 PM,34.03623662,35.87511895,6.059123157,46.5624787
01/15/2015 03:50:10.051 PM,34.00322851,35.83402451,6.059123157,46.35772415
01/15/2015 03:50:20.051 PM,33.95932127,35.7829853,6.059123157,46.17713489
01/15/2015 03:50:30.052 PM,33.91215865,35.7471329,6.059123157,46.46352178
01/15/2015 03:50:40.052 PM,33.89176854,35.70700053,6.059123157,45.96362663
01/15/2015 03:50:50.053 PM,33.86781339,35.68105878,6.059123157,45.91332391
01/15/2015 03:51:00.053 PM,33.82627564,35.62992809,6.059123157,45.67042024
01/15/2015 03:51:10.053 PM,33.80081024,35.59241279,6.059123157,45.36530356
01/15/2015 03:51:20.054 PM,33.77589803,35.55866291,6.059123157,45.1415245
01/15/2015 03:51:30.054 PM,33.75716179,35.52982709,6.059123157,44.88579233
01/15/2015 03:51:40.055 PM,33.71819034,35.49664499,6.059123157,45.03238473
01/15/2015 03:51:50.055 PM,33.68404111,35.45169515,6.059123157,44.75890175
01/15/2015 03:52:00.056 PM,33.64336202,35.41038279,6.059123157,44.74286667
01/15/2015 03:52:10.056 PM,33.60957959,35.37860021,6.059123157,44.79350503
01/15/2015 03:52:20.056 PM,33.5711205,35.3270107,6.059123157,44.46102872
01/15/2015 03:52:30.057 PM,33.53485986,35.29043309,6.059123157,44.45300264
01/15/2015 03:52:40.007 PM,33.50460927,35.25311305,6.059123157,44.27399638
01/15/2015 03:52:50.058 PM,33.47728728,35.23453098,6.059123157,44.49530063
01/15/2015 03:53:00.058 PM,33.43484634,35.17865227,6.059123157,44.15504178
01/15/2015 03:53:10.059 PM,33.38072768,35.12599271,6.059123157,44.19198771
01/15/2015 03:53:20.009 PM,33.34758008,35.10492222,6.059123157,44.49779311
01/15/2015 03:53:30.009 PM,33.31433096,35.07369535,6.059123157,44.54899908
01/15/2015 03:53:40.060 PM,33.25089631,34.99785752,6.059123157,44.23493703
01/15/2015 03:53:50.060 PM,33.2069624,34.95462738,6.059123157,44.25275718
01/15/2015 03:54:00.061 PM,33.17922804,34.92968864,6.059123157,44.32354518
01/15/2015 03:54:10.061 PM,33.12240927,34.87449737,6.059123157,44.36475537
01/15/2015 03:54:20.012 PM,33.08948745,34.83719737,6.059123157,44.25389524
01/15/2015 03:54:30.012 PM,33.04192098,34.79848988,6.059123157,44.47821387
01/15/2015 03:54:40.062 PM,32.9932448,34.7415269,6.059123157,44.26838343
01/15/2015 03:54:50.063 PM,32.95360284,34.7177351,6.059123157,44.66972664
01/15/2015 03:55:00.063 PM,32.92935375,34.69724229,6.059123157,44.76483934
01/15/2015 03:55:10.064 PM,32.88561175,34.65808913,6.059123157,44.88103374
01/15/2015 03:55:20.064 PM,32.83761794,34.59794522,6.059123157,44.57338028
01/15/2015 03:55:30.015 PM,32.79055906,34.55038936,6.059123157,44.56079612
01/15/2015 03:55:40.065 PM,32.75592276,34.49648749,6.059123157,44.07297125
01/15/2015 03:55:50.065 PM,32.71025309,34.45491817,6.059123157,44.17679652
01/15/2015 03:56:00.016 PM,32.65333751,34.4010075,6.059123157,44.25288394
01/15/2015 03:56:10.066 PM,32.60456001,34.36793222,6.059123157,44.65048111
01/15/2015 03:56:20.067 PM,32.57373841,34.31468455,6.059123157,44.08262895
01/15/2015 03:56:30.067 PM,32.54010735,34.28098448,6.059123157,44.08088144
01/15/2015 03:56:40.018 PM,32.5063673,34.25105678,6.059123157,44.17741443
01/15/2015 03:56:50.068 PM,32.47030228,34.21511495,6.059123157,44.18053366
01/15/2015 03:57:00.068 PM,32.43441937,34.19285516,6.059123157,44.52548551
01/15/2015 03:57:10.069 PM,32.40736102,34.17727323,6.059123157,44.81608095
01/15/2015 03:57:20.069 PM,32.37890086,34.17285358,6.059123157,45.42481253
01/15/2015 03:57:30.070 PM,32.35114465,34.12847014,6.059123157,45.00379313
01/15/2015 03:57:40.070 PM,32.31755721,34.06878391,6.059123157,44.34294375
01/15/2015 03:57:50.071 PM,32.28632638,34.03413703,6.059123157,44.25644562
01/15/2015 03:58:00.071 PM,32.2591072,34.00722853,6.059123157,44.26431239
01/15/2015 03:58:10.071 PM,32.22601552,33.98121885,6.059123157,44.44363655
01/15/2015 03:58:20.072 PM,32.19282582,33.94093917,6.059123157,44.26411029
01/15/2015 03:58:30.022 PM,32.17414369,33.9078426,6.059123157,43.89912148
01/15/2015 03:58:40.073 PM,32.14804346,33.88116554,6.059123157,43.88451519
01/15/2015 03:58:50.073 PM,32.10761638,33.83605855,6.059123157,43.7660149
01/15/2015 03:59:00.024 PM,32.094,33.80903644,6.059123157,43.42656735
01/15/2015 03:59:10.074 PM,32.06655849,33.78283608,6.059123157,43.45799493
01/15/2015 03:59:20.074 PM,32.04260267,33.7590373,6.059123157,43.46197116
01/15/2015 03:59:30.025 PM,31.99294498,33.71328655,6.059123157,43.56089903
01/15/2015 03:59:40.025 PM,31.96847869,33.67914552,6.059123157,43.31592438
01/15/2015 03:59:50.076 PM,31.93767777,33.62622282,6.059123157,42.75577684
01/15/2015 04:00:00.076 PM,31.89766856,33.57881544,6.059123157,42.56844726
01/15/2015 04:00:10.077 PM,31.8505275,33.51342425,6.059123157,42.1063345
01/15/2015 04:00:20.027 PM,31.80812291,33.46745865,6.059123157,42.01616605
01/15/2015 04:00:30.077 PM,31.79001425,33.43723395,6.059123157,41.70937482
01/15/2015 04:00:40.078 PM,31.75376607,33.38605919,6.059123157,41.33141755
01/15/2015 04:00:50.078 PM,31.72414558,33.35992557,6.059123157,41.41970894
01/15/2015 04:01:00.079 PM,31.69141677,33.32055396,6.059123157,41.25150618
01/15/2015 04:01:10.079 PM,31.67005194,33.27899141,6.059123157,40.74007789
01/15/2015 04:01:20.030 PM,31.63175893,33.25137285,6.059123157,41.01036658
01/15/2015 04:01:30.080 PM,31.58056329,33.19944041,6.059123157,40.99170997
01/15/2015 04:01:40.080 PM,31.55574293,33.15596389,6.059123157,40.51931597
01/15/2015 04:01:50.081 PM,31.53028582,33.12464787,6.059123157,40.37096198
01/15/2015 04:02:00.081 PM,31.4884923,33.07195477,6.059123157,40.09497307
01/15/2015 04:02:10.082 PM,31.45824786,33.02090274,6.059123157,39.5681026
01/15/2015 04:02:20.082 PM,31.42266541,32.97954125,6.059123157,39.4217711
01/15/2015 04:02:30.033 PM,31.39095537,32.93661181,6.059123157,39.1376835
01/15/2015 04:02:40.083 PM,31.35203895,32.90056458,6.059123157,39.21033467
01/15/2015 04:02:50.083 PM,31.32178026,32.86597283,6.059123157,39.10061691
01/15/2015 04:03:00.084 PM,31.29048506,32.84131873,6.059123157,39.26877672
01/15/2015 04:03:10.084 PM,31.24065152,32.7715263,6.059123157,38.76339607
01/15/2015 04:03:20.085 PM,31.21803654,32.74606328,6.059123157,38.69128091
01/15/2015 04:03:30.035 PM,31.18918613,32.71565061,6.059123157,38.65172279
01/15/2015 04:03:40.086 PM,31.15179517,32.68917172,6.059123157,38.92802777
01/15/2015 04:03:50.086 PM,31.12312687,32.66353015,6.059123157,39.00466819
01/15/2015 04:04:00.036 PM,31.11938179,32.65172154,6.059123157,38.80049077
01/15/2015 04:04:10.037 PM,31.10754141,32.61795971,6.059123157,38.24541619
01/15/2015 04:04:20.087 PM,31.09040518,32.58158474,6.059123157,37.75827066
01/15/2015 04:04:30.088 PM,31.05079918,32.53364896,6.059123157,37.54735139
01/15/2015 04:04:40.088 PM,31.02940727,32.50808885,6.059123157,37.44180822
01/15/2015 04:04:50.089 PM,30.98940017,32.44714635,6.059123157,36.9117013
01/15/2015 04:05:00.039 PM,31.00429513,32.45290684,6.059123157,36.68040658
01/15/2015 04:05:10.089 PM,30.9857048,32.42354496,6.059123157,36.40765949
01/15/2015 04:05:20.090 PM,30.96982853,32.40863501,6.059123157,36.43212787
01/15/2015 04:05:30.090 PM,30.92052268,32.36302662,6.059123157,36.52575142
01/15/2015 04:05:40.091 PM,30.89672834,32.31217165,6.059123157,35.84054719
01/15/2015 04:05:50.041 PM,30.87714214,32.28365812,6.059123157,35.61449756
01/15/2015 04:06:00.092 PM,30.82986737,32.24745492,6.059123157,35.89484155
01/15/2015 04:06:10.092 PM,30.8440184,32.24011156,6.059123157,35.35058054
01/15/2015 04:06:20.092 PM,30.83091918,32.21863688,6.059123157,35.13850478
01/15/2015 04:06:30.093 PM,30.82789062,32.19386129,6.059123157,34.5878468
01/15/2015 04:06:40.043 PM,30.79172694,32.15748698,6.059123157,34.58251343
01/15/2015 04:06:50.094 PM,30.76183041,32.12153157,6.059123157,34.42909614
01/15/2015 04:07:00.094 PM,30.74144557,32.07917438,6.059123157,33.8727324
01/15/2015 04:07:10.095 PM,30.72749558,32.04540317,6.059123157,33.37083798
01/15/2015 04:07:20.045 PM,30.69418669,32.01903086,6.059123157,33.5464797
01/15/2015 04:07:30.095 PM,30.6668355,31.99276733,6.059123157,33.57402028
01/15/2015 04:07:40.046 PM,30.6459985,31.97652443,6.059123157,33.6903477
01/15/2015 04:07:50.096 PM,30.64885573,31.95566786,6.059123157,33.08988892
01/15/2015 04:08:00.097 PM,30.60954467,31.92229711,6.059123157,33.24030383
01/15/2015 04:08:10.097 PM,30.57497685,31.87680778,6.059123157,32.96375953
01/15/2015 04:08:20.098 PM,30.54057911,31.84154493,6.059123157,32.94185396
01/15/2015 04:08:30.048 PM,30.52128379,31.80189173,6.059123157,32.4263707
01/15/2015 04:08:40.098 PM,30.47937798,31.74778739,6.059123157,32.11749061
01/15/2015 04:08:50.099 PM,30.4608304,31.71096332,6.059123157,31.65471018
01/15/2015 04:09:00.099 PM,30.43917941,31.68540356,6.059123157,31.5557362
01/15/2015 04:09:10.100 PM,30.40713662,31.65388824,6.059123157,31.56909231
01/15/2015 04:09:20.050 PM,30.37836627,31.62569036,6.059123157,31.58358784
01/15/2015 04:09:30.101 PM,30.32875541,31.57866748,6.059123157,31.64911803
01/15/2015 04:09:40.051 PM,30.30902527,31.5534411,6.059123157,31.50994739
01/15/2015 04:09:50.101 PM,30.27642115,31.50874425,6.059123157,31.20374656
01/15/2015 04:10:00.102 PM,30.24475892,31.47600961,6.059123157,31.1765919
01/15/2015 04:10:10.052 PM,30.21638509,31.45852224,6.059123157,31.45224868
01/15/2015 04:10:20.103 PM,30.20138469,31.43212471,6.059123157,31.16366104
01/15/2015 04:10:30.103 PM,30.17725935,31.38684883,6.059123157,30.62810683
01/15/2015 04:10:40.054 PM,30.14099754,31.35931115,6.059123157,30.84901089
01/15/2015 04:10:50.104 PM,30.11876455,31.34025282,6.059123157,30.92939695
01/15/2015 04:11:00.104 PM,30.12096824,31.35261003,6.059123157,31.18649495
01/15/2015 04:11:10.105 PM,30.10279992,31.31773501,6.059123157,30.76346319
01/15/2015 04:11:20.105 PM,30.09596934,31.29782138,6.059123157,30.43218624
01/15/2015 04:11:30.106 PM,30.08565184,31.273909,6.059123157,30.08794928
01/15/2015 04:11:40.106 PM,30.06160677,31.22554293,6.059123157,29.47211559
01/15/2015 04:11:50.107 PM,30.03136784,31.19887892,6.059123157,29.56263641
01/15/2015 04:12:00.107 PM,29.99716673,31.13817099,6.059123157,28.89145513
01/15/2015 04:12:10.057 PM,29.98051492,31.12801781,6.059123157,29.05600757
01/15/2015 04:12:20.108 PM,29.97155509,31.10570243,6.059123157,28.71783068
01/15/2015 04:12:30.108 PM,29.94167335,31.05325937,6.059123157,28.14655368
01/15/2015 04:12:40.059 PM,29.92928868,31.0249495,6.059123157,27.74331056
01/15/2015 04:12:50.109 PM,29.9130191,30.9979809,6.059123157,27.47239972
01/15/2015 04:13:00.110 PM,29.88356697,30.97140399,6.059123157,27.54520347
01/15/2015 04:13:10.110 PM,29.85172914,30.91077254,6.059123157,26.81611817
01/15/2015 04:13:20.110 PM,29.88192924,30.87744072,6.059123157,25.20742164
01/15/2015 04:13:30.111 PM,29.86147435,30.8696133,6.059123157,25.52716249
01/15/2015 04:13:40.111 PM,29.82671157,30.84590331,6.059123157,25.80703095
01/15/2015 04:13:50.062 PM,29.79285575,30.81028183,6.059123157,25.76232274
01/15/2015 04:14:00.112 PM,29.77849463,30.77124093,6.059123157,25.1374041
01/15/2015 04:14:10.113 PM,29.75670127,30.74232762,6.059123157,24.95711942
01/15/2015 04:14:20.113 PM,29.72201623,30.69348406,6.059123157,24.59861044
01/15/2015 04:14:30.063 PM,29.68886135,30.66429682,6.059123157,24.69907526
01/15/2015 04:14:40.114 PM,29.68099165,30.61553264,6.059123157,23.66358303
01/15/2015 04:15:47.317 PM,29.5137581,30.44752867,6.059123157,23.64407529
